--------------------------------------------------------
--  File created - Saturday-May-04-2013   
--------------------------------------------------------
--------------------------------------------------------
--  DDL for Sequence A2
--------------------------------------------------------

   CREATE SEQUENCE  "ADOYLE"."A2"  MINVALUE 1 MAXVALUE 9999999999999999999999999999 INCREMENT BY 1 START WITH 61 CACHE 20 NOORDER  NOCYCLE ;
--------------------------------------------------------
--  DDL for Sequence S
--------------------------------------------------------

   CREATE SEQUENCE  "ADOYLE"."S"  MINVALUE 1 MAXVALUE 9999999999999999999999999999 INCREMENT BY 1 START WITH 326 CACHE 20 NOORDER  NOCYCLE ;
--------------------------------------------------------
--  DDL for Sequence S2
--------------------------------------------------------

   CREATE SEQUENCE  "ADOYLE"."S2"  MINVALUE 1 MAXVALUE 9999999999999999999999999999 INCREMENT BY 1 START WITH 1410 CACHE 20 NOORDER  NOCYCLE ;
--------------------------------------------------------
--  DDL for Table ATHLETE
--------------------------------------------------------

  CREATE TABLE "ADOYLE"."ATHLETE" 
   (	"ATHLETE_ID" NUMBER(8,0), 
	"ATHLETE_NAME" VARCHAR2(30 BYTE), 
	"ATHLETE_ROLE" VARCHAR2(20 BYTE), 
	"SALARY" NUMBER(6,0), 
	"TRANSFER_COST" NUMBER(8,0), 
	"MARKET_VALUE" NUMBER(8,0), 
	"TEAM_ID" NUMBER(2,0), 
	"MANAGER_ID" NUMBER(4,0)
   ) SEGMENT CREATION IMMEDIATE 
  PCTFREE 10 PCTUSED 40 INITRANS 1 MAXTRANS 255 NOCOMPRESS LOGGING
  STORAGE(INITIAL 65536 NEXT 1048576 MINEXTENTS 1 MAXEXTENTS 2147483645
  PCTINCREASE 0 FREELISTS 1 FREELIST GROUPS 1 BUFFER_POOL DEFAULT FLASH_CACHE DEFAULT CELL_FLASH_CACHE DEFAULT)
  TABLESPACE "SYSTEM" ;
--------------------------------------------------------
--  DDL for Table ATHLETE_MEAL
--------------------------------------------------------

  CREATE TABLE "ADOYLE"."ATHLETE_MEAL" 
   (	"ATHLETE_ID" NUMBER(8,0), 
	"MEAL_PLAN_ID" NUMBER(2,0), 
	"SCHEDULED_TIME" VARCHAR2(30 BYTE)
   ) SEGMENT CREATION IMMEDIATE 
  PCTFREE 10 PCTUSED 40 INITRANS 1 MAXTRANS 255 NOCOMPRESS LOGGING
  STORAGE(INITIAL 65536 NEXT 1048576 MINEXTENTS 1 MAXEXTENTS 2147483645
  PCTINCREASE 0 FREELISTS 1 FREELIST GROUPS 1 BUFFER_POOL DEFAULT FLASH_CACHE DEFAULT CELL_FLASH_CACHE DEFAULT)
  TABLESPACE "SYSTEM" ;
--------------------------------------------------------
--  DDL for Table ATHLETE_WORKOUT
--------------------------------------------------------

  CREATE TABLE "ADOYLE"."ATHLETE_WORKOUT" 
   (	"ATHLETE_ID" NUMBER(8,0), 
	"WORKOUT_ID" NUMBER(2,0), 
	"TIMES_PER_WEEK" NUMBER(2,0)
   ) SEGMENT CREATION IMMEDIATE 
  PCTFREE 10 PCTUSED 40 INITRANS 1 MAXTRANS 255 NOCOMPRESS LOGGING
  STORAGE(INITIAL 65536 NEXT 1048576 MINEXTENTS 1 MAXEXTENTS 2147483645
  PCTINCREASE 0 FREELISTS 1 FREELIST GROUPS 1 BUFFER_POOL DEFAULT FLASH_CACHE DEFAULT CELL_FLASH_CACHE DEFAULT)
  TABLESPACE "SYSTEM" ;
--------------------------------------------------------
--  DDL for Table COACHES
--------------------------------------------------------

  CREATE TABLE "ADOYLE"."COACHES" 
   (	"COACH_ID" NUMBER(4,0), 
	"COACH_NAME" VARCHAR2(30 BYTE), 
	"ROLE" VARCHAR2(30 BYTE), 
	"SALARY" NUMBER(6,0)
   ) SEGMENT CREATION IMMEDIATE 
  PCTFREE 10 PCTUSED 40 INITRANS 1 MAXTRANS 255 NOCOMPRESS LOGGING
  STORAGE(INITIAL 65536 NEXT 1048576 MINEXTENTS 1 MAXEXTENTS 2147483645
  PCTINCREASE 0 FREELISTS 1 FREELIST GROUPS 1 BUFFER_POOL DEFAULT FLASH_CACHE DEFAULT CELL_FLASH_CACHE DEFAULT)
  TABLESPACE "SYSTEM" ;
--------------------------------------------------------
--  DDL for Table COACHES_SKILL
--------------------------------------------------------

  CREATE TABLE "ADOYLE"."COACHES_SKILL" 
   (	"COACH_ID" NUMBER(4,0), 
	"SKILL_ID" NUMBER(3,0)
   ) SEGMENT CREATION IMMEDIATE 
  PCTFREE 10 PCTUSED 40 INITRANS 1 MAXTRANS 255 NOCOMPRESS LOGGING
  STORAGE(INITIAL 65536 NEXT 1048576 MINEXTENTS 1 MAXEXTENTS 2147483645
  PCTINCREASE 0 FREELISTS 1 FREELIST GROUPS 1 BUFFER_POOL DEFAULT FLASH_CACHE DEFAULT CELL_FLASH_CACHE DEFAULT)
  TABLESPACE "SYSTEM" ;
--------------------------------------------------------
--  DDL for Table DIET
--------------------------------------------------------

  CREATE TABLE "ADOYLE"."DIET" 
   (	"DIET_ID" NUMBER(2,0), 
	"DIET_NAME" VARCHAR2(30 BYTE), 
	"SPORTS_SCIENTIST_ID" NUMBER(2,0)
   ) SEGMENT CREATION IMMEDIATE 
  PCTFREE 10 PCTUSED 40 INITRANS 1 MAXTRANS 255 NOCOMPRESS LOGGING
  STORAGE(INITIAL 65536 NEXT 1048576 MINEXTENTS 1 MAXEXTENTS 2147483645
  PCTINCREASE 0 FREELISTS 1 FREELIST GROUPS 1 BUFFER_POOL DEFAULT FLASH_CACHE DEFAULT CELL_FLASH_CACHE DEFAULT)
  TABLESPACE "SYSTEM" ;
--------------------------------------------------------
--  DDL for Table DIET_MEAL
--------------------------------------------------------

  CREATE TABLE "ADOYLE"."DIET_MEAL" 
   (	"DIET_ID" NUMBER(2,0), 
	"MEAL_PLAN_ID" NUMBER(2,0)
   ) SEGMENT CREATION IMMEDIATE 
  PCTFREE 10 PCTUSED 40 INITRANS 1 MAXTRANS 255 NOCOMPRESS LOGGING
  STORAGE(INITIAL 65536 NEXT 1048576 MINEXTENTS 1 MAXEXTENTS 2147483645
  PCTINCREASE 0 FREELISTS 1 FREELIST GROUPS 1 BUFFER_POOL DEFAULT FLASH_CACHE DEFAULT CELL_FLASH_CACHE DEFAULT)
  TABLESPACE "SYSTEM" ;
--------------------------------------------------------
--  DDL for Table FITNESS_COACH
--------------------------------------------------------

  CREATE TABLE "ADOYLE"."FITNESS_COACH" 
   (	"FITNESS_COACH_ID" NUMBER(2,0), 
	"FITNESS_COACH_NAME" VARCHAR2(30 BYTE), 
	"EDUCATION" VARCHAR2(30 BYTE), 
	"SALARY" NUMBER(6,0)
   ) SEGMENT CREATION IMMEDIATE 
  PCTFREE 10 PCTUSED 40 INITRANS 1 MAXTRANS 255 NOCOMPRESS LOGGING
  STORAGE(INITIAL 65536 NEXT 1048576 MINEXTENTS 1 MAXEXTENTS 2147483645
  PCTINCREASE 0 FREELISTS 1 FREELIST GROUPS 1 BUFFER_POOL DEFAULT FLASH_CACHE DEFAULT CELL_FLASH_CACHE DEFAULT)
  TABLESPACE "SYSTEM" ;
--------------------------------------------------------
--  DDL for Table FITNESS_PLAN
--------------------------------------------------------

  CREATE TABLE "ADOYLE"."FITNESS_PLAN" 
   (	"FITNESS_PLAN_ID" NUMBER(2,0), 
	"FITNESS_PLAN_NAME" VARCHAR2(30 BYTE), 
	"FITNESS_COACH_ID" NUMBER(2,0), 
	"SPORTS_SCIENTIST_ID" NUMBER(2,0)
   ) SEGMENT CREATION IMMEDIATE 
  PCTFREE 10 PCTUSED 40 INITRANS 1 MAXTRANS 255 NOCOMPRESS LOGGING
  STORAGE(INITIAL 65536 NEXT 1048576 MINEXTENTS 1 MAXEXTENTS 2147483645
  PCTINCREASE 0 FREELISTS 1 FREELIST GROUPS 1 BUFFER_POOL DEFAULT FLASH_CACHE DEFAULT CELL_FLASH_CACHE DEFAULT)
  TABLESPACE "SYSTEM" ;
--------------------------------------------------------
--  DDL for Table FITNESS_PLAN_WORKOUT
--------------------------------------------------------

  CREATE TABLE "ADOYLE"."FITNESS_PLAN_WORKOUT" 
   (	"FITNESS_PLAN_ID" NUMBER(2,0), 
	"WORKOUT_ID" NUMBER(2,0)
   ) SEGMENT CREATION IMMEDIATE 
  PCTFREE 10 PCTUSED 40 INITRANS 1 MAXTRANS 255 NOCOMPRESS LOGGING
  STORAGE(INITIAL 65536 NEXT 1048576 MINEXTENTS 1 MAXEXTENTS 2147483645
  PCTINCREASE 0 FREELISTS 1 FREELIST GROUPS 1 BUFFER_POOL DEFAULT FLASH_CACHE DEFAULT CELL_FLASH_CACHE DEFAULT)
  TABLESPACE "SYSTEM" ;
--------------------------------------------------------
--  DDL for Table MANAGER
--------------------------------------------------------

  CREATE TABLE "ADOYLE"."MANAGER" 
   (	"MANAGER_ID" NUMBER(2,0), 
	"MANAGER_NAME" VARCHAR2(30 BYTE), 
	"MANAGER_DESCRIPTION" VARCHAR2(30 BYTE), 
	"SALARY" NUMBER(6,0)
   ) SEGMENT CREATION IMMEDIATE 
  PCTFREE 10 PCTUSED 40 INITRANS 1 MAXTRANS 255 NOCOMPRESS LOGGING
  STORAGE(INITIAL 65536 NEXT 1048576 MINEXTENTS 1 MAXEXTENTS 2147483645
  PCTINCREASE 0 FREELISTS 1 FREELIST GROUPS 1 BUFFER_POOL DEFAULT FLASH_CACHE DEFAULT CELL_FLASH_CACHE DEFAULT)
  TABLESPACE "SYSTEM" ;
--------------------------------------------------------
--  DDL for Table MEAL_PLAN
--------------------------------------------------------

  CREATE TABLE "ADOYLE"."MEAL_PLAN" 
   (	"MEAL_PLAN_ID" NUMBER(2,0), 
	"MEAL_PLAN_NAME" VARCHAR2(70 BYTE)
   ) SEGMENT CREATION IMMEDIATE 
  PCTFREE 10 PCTUSED 40 INITRANS 1 MAXTRANS 255 NOCOMPRESS LOGGING
  STORAGE(INITIAL 65536 NEXT 1048576 MINEXTENTS 1 MAXEXTENTS 2147483645
  PCTINCREASE 0 FREELISTS 1 FREELIST GROUPS 1 BUFFER_POOL DEFAULT FLASH_CACHE DEFAULT CELL_FLASH_CACHE DEFAULT)
  TABLESPACE "SYSTEM" ;
--------------------------------------------------------
--  DDL for Table SKILL
--------------------------------------------------------

  CREATE TABLE "ADOYLE"."SKILL" 
   (	"SKILL_ID" NUMBER(2,0), 
	"SKILL_NAME" VARCHAR2(20 BYTE)
   ) SEGMENT CREATION IMMEDIATE 
  PCTFREE 10 PCTUSED 40 INITRANS 1 MAXTRANS 255 NOCOMPRESS LOGGING
  STORAGE(INITIAL 65536 NEXT 1048576 MINEXTENTS 1 MAXEXTENTS 2147483645
  PCTINCREASE 0 FREELISTS 1 FREELIST GROUPS 1 BUFFER_POOL DEFAULT FLASH_CACHE DEFAULT CELL_FLASH_CACHE DEFAULT)
  TABLESPACE "SYSTEM" ;
--------------------------------------------------------
--  DDL for Table SPORTS_SCIENCE
--------------------------------------------------------

  CREATE TABLE "ADOYLE"."SPORTS_SCIENCE" 
   (	"SPORTS_SCIENTIST_ID" NUMBER(2,0), 
	"SPORTS_SCIENTIST_NAME" VARCHAR2(30 BYTE), 
	"ROLE" VARCHAR2(40 BYTE), 
	"SALARY" NUMBER(6,0)
   ) SEGMENT CREATION IMMEDIATE 
  PCTFREE 10 PCTUSED 40 INITRANS 1 MAXTRANS 255 NOCOMPRESS LOGGING
  STORAGE(INITIAL 65536 NEXT 1048576 MINEXTENTS 1 MAXEXTENTS 2147483645
  PCTINCREASE 0 FREELISTS 1 FREELIST GROUPS 1 BUFFER_POOL DEFAULT FLASH_CACHE DEFAULT CELL_FLASH_CACHE DEFAULT)
  TABLESPACE "SYSTEM" ;
--------------------------------------------------------
--  DDL for Table TEAM
--------------------------------------------------------

  CREATE TABLE "ADOYLE"."TEAM" 
   (	"TEAM_ID" NUMBER(2,0), 
	"TEAM_NAME" VARCHAR2(20 BYTE)
   ) SEGMENT CREATION IMMEDIATE 
  PCTFREE 10 PCTUSED 40 INITRANS 1 MAXTRANS 255 NOCOMPRESS LOGGING
  STORAGE(INITIAL 65536 NEXT 1048576 MINEXTENTS 1 MAXEXTENTS 2147483645
  PCTINCREASE 0 FREELISTS 1 FREELIST GROUPS 1 BUFFER_POOL DEFAULT FLASH_CACHE DEFAULT CELL_FLASH_CACHE DEFAULT)
  TABLESPACE "SYSTEM" ;
--------------------------------------------------------
--  DDL for Table TRAINING_SESSION
--------------------------------------------------------

  CREATE TABLE "ADOYLE"."TRAINING_SESSION" 
   (	"TRAINING_SESSION_ID" NUMBER(2,0), 
	"TRAINING_SESSION_NAME" VARCHAR2(30 BYTE), 
	"MANAGER_ID" NUMBER(4,0)
   ) SEGMENT CREATION IMMEDIATE 
  PCTFREE 10 PCTUSED 40 INITRANS 1 MAXTRANS 255 NOCOMPRESS LOGGING
  STORAGE(INITIAL 65536 NEXT 1048576 MINEXTENTS 1 MAXEXTENTS 2147483645
  PCTINCREASE 0 FREELISTS 1 FREELIST GROUPS 1 BUFFER_POOL DEFAULT FLASH_CACHE DEFAULT CELL_FLASH_CACHE DEFAULT)
  TABLESPACE "SYSTEM" ;
--------------------------------------------------------
--  DDL for Table TRAINING_SESSION_COACHES
--------------------------------------------------------

  CREATE TABLE "ADOYLE"."TRAINING_SESSION_COACHES" 
   (	"TRAINING_SESSION_ID" NUMBER(2,0), 
	"COACH_ID" NUMBER(2,0)
   ) SEGMENT CREATION IMMEDIATE 
  PCTFREE 10 PCTUSED 40 INITRANS 1 MAXTRANS 255 NOCOMPRESS LOGGING
  STORAGE(INITIAL 65536 NEXT 1048576 MINEXTENTS 1 MAXEXTENTS 2147483645
  PCTINCREASE 0 FREELISTS 1 FREELIST GROUPS 1 BUFFER_POOL DEFAULT FLASH_CACHE DEFAULT CELL_FLASH_CACHE DEFAULT)
  TABLESPACE "SYSTEM" ;
--------------------------------------------------------
--  DDL for Table TRAINING_SESSION_SKILL
--------------------------------------------------------

  CREATE TABLE "ADOYLE"."TRAINING_SESSION_SKILL" 
   (	"TRAINING_SESSION_ID" NUMBER(2,0), 
	"SKILL_ID" NUMBER(2,0)
   ) SEGMENT CREATION IMMEDIATE 
  PCTFREE 10 PCTUSED 40 INITRANS 1 MAXTRANS 255 NOCOMPRESS LOGGING
  STORAGE(INITIAL 65536 NEXT 1048576 MINEXTENTS 1 MAXEXTENTS 2147483645
  PCTINCREASE 0 FREELISTS 1 FREELIST GROUPS 1 BUFFER_POOL DEFAULT FLASH_CACHE DEFAULT CELL_FLASH_CACHE DEFAULT)
  TABLESPACE "SYSTEM" ;
--------------------------------------------------------
--  DDL for Table WORKOUT
--------------------------------------------------------

  CREATE TABLE "ADOYLE"."WORKOUT" 
   (	"WORKOUT_ID" NUMBER(2,0), 
	"WORKOUT_NAME" VARCHAR2(30 BYTE)
   ) SEGMENT CREATION IMMEDIATE 
  PCTFREE 10 PCTUSED 40 INITRANS 1 MAXTRANS 255 NOCOMPRESS LOGGING
  STORAGE(INITIAL 65536 NEXT 1048576 MINEXTENTS 1 MAXEXTENTS 2147483645
  PCTINCREASE 0 FREELISTS 1 FREELIST GROUPS 1 BUFFER_POOL DEFAULT FLASH_CACHE DEFAULT CELL_FLASH_CACHE DEFAULT)
  TABLESPACE "SYSTEM" ;
REM INSERTING into ADOYLE.ATHLETE
SET DEFINE OFF;
Insert into ADOYLE.ATHLETE (ATHLETE_ID,ATHLETE_NAME,ATHLETE_ROLE,SALARY,TRANSFER_COST,MARKET_VALUE,TEAM_ID,MANAGER_ID) values (1,'David De Gea','Goalkeeper',50000,18900000,17000000,1,1);
Insert into ADOYLE.ATHLETE (ATHLETE_ID,ATHLETE_NAME,ATHLETE_ROLE,SALARY,TRANSFER_COST,MARKET_VALUE,TEAM_ID,MANAGER_ID) values (2,'Rafael Da Silva','Right_back',40000,0,14500000,1,1);
Insert into ADOYLE.ATHLETE (ATHLETE_ID,ATHLETE_NAME,ATHLETE_ROLE,SALARY,TRANSFER_COST,MARKET_VALUE,TEAM_ID,MANAGER_ID) values (3,'Patrice Evra','Left_back',75000,11000000,13000000,1,1);
Insert into ADOYLE.ATHLETE (ATHLETE_ID,ATHLETE_NAME,ATHLETE_ROLE,SALARY,TRANSFER_COST,MARKET_VALUE,TEAM_ID,MANAGER_ID) values (4,'Philip Jones','Defender',40000,16984000,17000000,1,1);
Insert into ADOYLE.ATHLETE (ATHLETE_ID,ATHLETE_NAME,ATHLETE_ROLE,SALARY,TRANSFER_COST,MARKET_VALUE,TEAM_ID,MANAGER_ID) values (5,'Rio Ferdinand','Defender',110000,29300000,3500000,1,1);
Insert into ADOYLE.ATHLETE (ATHLETE_ID,ATHLETE_NAME,ATHLETE_ROLE,SALARY,TRANSFER_COST,MARKET_VALUE,TEAM_ID,MANAGER_ID) values (6,'Johnny Evans','Defender',45000,0,13000000,1,1);
Insert into ADOYLE.ATHLETE (ATHLETE_ID,ATHLETE_NAME,ATHLETE_ROLE,SALARY,TRANSFER_COST,MARKET_VALUE,TEAM_ID,MANAGER_ID) values (7,'Antonio Valencia','Right_Midfielder',60000,16632000,24000000,1,1);
Insert into ADOYLE.ATHLETE (ATHLETE_ID,ATHLETE_NAME,ATHLETE_ROLE,SALARY,TRANSFER_COST,MARKET_VALUE,TEAM_ID,MANAGER_ID) values (8,'Anderson Da Silva','Midfielder',40000,20400000,12000000,1,1);
Insert into ADOYLE.ATHLETE (ATHLETE_ID,ATHLETE_NAME,ATHLETE_ROLE,SALARY,TRANSFER_COST,MARKET_VALUE,TEAM_ID,MANAGER_ID) values (10,'Wayne Rooney','Striker',180000,27000000,65000000,1,1);
Insert into ADOYLE.ATHLETE (ATHLETE_ID,ATHLETE_NAME,ATHLETE_ROLE,SALARY,TRANSFER_COST,MARKET_VALUE,TEAM_ID,MANAGER_ID) values (11,'Ryan Giggs','Midfielder',70000,0,1000000,1,1);
Insert into ADOYLE.ATHLETE (ATHLETE_ID,ATHLETE_NAME,ATHLETE_ROLE,SALARY,TRANSFER_COST,MARKET_VALUE,TEAM_ID,MANAGER_ID) values (12,'Chris Smalling','Defender',40000,12000000,14000000,1,1);
Insert into ADOYLE.ATHLETE (ATHLETE_ID,ATHLETE_NAME,ATHLETE_ROLE,SALARY,TRANSFER_COST,MARKET_VALUE,TEAM_ID,MANAGER_ID) values (13,'Anders Lindegaard','Goalkeeper',45000,7000000,6500000,1,1);
Insert into ADOYLE.ATHLETE (ATHLETE_ID,ATHLETE_NAME,ATHLETE_ROLE,SALARY,TRANSFER_COST,MARKET_VALUE,TEAM_ID,MANAGER_ID) values (14,'Javier Hernandez','Striker',60000,8000000,22000000,1,1);
Insert into ADOYLE.ATHLETE (ATHLETE_ID,ATHLETE_NAME,ATHLETE_ROLE,SALARY,TRANSFER_COST,MARKET_VALUE,TEAM_ID,MANAGER_ID) values (15,'Nemanja Vidic','Defender',90000,12000000,21000000,1,1);
Insert into ADOYLE.ATHLETE (ATHLETE_ID,ATHLETE_NAME,ATHLETE_ROLE,SALARY,TRANSFER_COST,MARKET_VALUE,TEAM_ID,MANAGER_ID) values (16,'Michael Carrick','Midfielder',55000,18600000,11000000,1,1);
Insert into ADOYLE.ATHLETE (ATHLETE_ID,ATHLETE_NAME,ATHLETE_ROLE,SALARY,TRANSFER_COST,MARKET_VALUE,TEAM_ID,MANAGER_ID) values (17,'Luis Nani','Left_Midfielder',90000,17300000,27000000,1,1);
Insert into ADOYLE.ATHLETE (ATHLETE_ID,ATHLETE_NAME,ATHLETE_ROLE,SALARY,TRANSFER_COST,MARKET_VALUE,TEAM_ID,MANAGER_ID) values (18,'Ashley Young','Left_Midfielder',90000,18000000,25000000,1,1);
Insert into ADOYLE.ATHLETE (ATHLETE_ID,ATHLETE_NAME,ATHLETE_ROLE,SALARY,TRANSFER_COST,MARKET_VALUE,TEAM_ID,MANAGER_ID) values (19,'Danny Welbeck','Striker',50000,0,17000000,1,1);
Insert into ADOYLE.ATHLETE (ATHLETE_ID,ATHLETE_NAME,ATHLETE_ROLE,SALARY,TRANSFER_COST,MARKET_VALUE,TEAM_ID,MANAGER_ID) values (20,'Robin Van Persie','Striker',180000,24000000,45000000,1,1);
Insert into ADOYLE.ATHLETE (ATHLETE_ID,ATHLETE_NAME,ATHLETE_ROLE,SALARY,TRANSFER_COST,MARKET_VALUE,TEAM_ID,MANAGER_ID) values (22,'Paul Scholes','Midfielder',30000,0,1000000,1,1);
Insert into ADOYLE.ATHLETE (ATHLETE_ID,ATHLETE_NAME,ATHLETE_ROLE,SALARY,TRANSFER_COST,MARKET_VALUE,TEAM_ID,MANAGER_ID) values (23,'Thomas Cleverley','Midfielder',75000,0,12500000,1,1);
Insert into ADOYLE.ATHLETE (ATHLETE_ID,ATHLETE_NAME,ATHLETE_ROLE,SALARY,TRANSFER_COST,MARKET_VALUE,TEAM_ID,MANAGER_ID) values (24,'Darren Fletcher','Midfielder',50000,0,7500000,null,1);
Insert into ADOYLE.ATHLETE (ATHLETE_ID,ATHLETE_NAME,ATHLETE_ROLE,SALARY,TRANSFER_COST,MARKET_VALUE,TEAM_ID,MANAGER_ID) values (25,'Chris Powell','Midfielder',5000,5000000,5000000,1,1);
Insert into ADOYLE.ATHLETE (ATHLETE_ID,ATHLETE_NAME,ATHLETE_ROLE,SALARY,TRANSFER_COST,MARKET_VALUE,TEAM_ID,MANAGER_ID) values (26,'Shinji Kagawa','Midfielder',60000,21000000,21000000,1,1);
Insert into ADOYLE.ATHLETE (ATHLETE_ID,ATHLETE_NAME,ATHLETE_ROLE,SALARY,TRANSFER_COST,MARKET_VALUE,TEAM_ID,MANAGER_ID) values (28,'Alexander Buttner','Left_back',25000,4400000,5000000,1,1);
Insert into ADOYLE.ATHLETE (ATHLETE_ID,ATHLETE_NAME,ATHLETE_ROLE,SALARY,TRANSFER_COST,MARKET_VALUE,TEAM_ID,MANAGER_ID) values (40,'Ben Amos','Goalkeeper',7500,500000,750000,null,1);
Insert into ADOYLE.ATHLETE (ATHLETE_ID,ATHLETE_NAME,ATHLETE_ROLE,SALARY,TRANSFER_COST,MARKET_VALUE,TEAM_ID,MANAGER_ID) values (42,'Lionel Messi','Magician',275000,50000000,40000000,1,1);
REM INSERTING into ADOYLE.ATHLETE_MEAL
SET DEFINE OFF;
Insert into ADOYLE.ATHLETE_MEAL (ATHLETE_ID,MEAL_PLAN_ID,SCHEDULED_TIME) values (1,1,'Pre and post match');
Insert into ADOYLE.ATHLETE_MEAL (ATHLETE_ID,MEAL_PLAN_ID,SCHEDULED_TIME) values (1,9,'Mid week');
Insert into ADOYLE.ATHLETE_MEAL (ATHLETE_ID,MEAL_PLAN_ID,SCHEDULED_TIME) values (2,1,'Pre and post match');
Insert into ADOYLE.ATHLETE_MEAL (ATHLETE_ID,MEAL_PLAN_ID,SCHEDULED_TIME) values (2,9,'Mid week');
Insert into ADOYLE.ATHLETE_MEAL (ATHLETE_ID,MEAL_PLAN_ID,SCHEDULED_TIME) values (3,1,'Pre and post match');
Insert into ADOYLE.ATHLETE_MEAL (ATHLETE_ID,MEAL_PLAN_ID,SCHEDULED_TIME) values (3,10,'Mid week');
Insert into ADOYLE.ATHLETE_MEAL (ATHLETE_ID,MEAL_PLAN_ID,SCHEDULED_TIME) values (4,1,'Pre and post match');
Insert into ADOYLE.ATHLETE_MEAL (ATHLETE_ID,MEAL_PLAN_ID,SCHEDULED_TIME) values (4,9,'Mid week');
Insert into ADOYLE.ATHLETE_MEAL (ATHLETE_ID,MEAL_PLAN_ID,SCHEDULED_TIME) values (5,1,'Pre and post match');
Insert into ADOYLE.ATHLETE_MEAL (ATHLETE_ID,MEAL_PLAN_ID,SCHEDULED_TIME) values (5,9,'Mid week');
Insert into ADOYLE.ATHLETE_MEAL (ATHLETE_ID,MEAL_PLAN_ID,SCHEDULED_TIME) values (6,1,'Pre and post match');
Insert into ADOYLE.ATHLETE_MEAL (ATHLETE_ID,MEAL_PLAN_ID,SCHEDULED_TIME) values (6,9,'Mid week');
Insert into ADOYLE.ATHLETE_MEAL (ATHLETE_ID,MEAL_PLAN_ID,SCHEDULED_TIME) values (7,1,'Pre and post match');
Insert into ADOYLE.ATHLETE_MEAL (ATHLETE_ID,MEAL_PLAN_ID,SCHEDULED_TIME) values (7,10,'Mid week');
Insert into ADOYLE.ATHLETE_MEAL (ATHLETE_ID,MEAL_PLAN_ID,SCHEDULED_TIME) values (8,1,'Pre and post match');
Insert into ADOYLE.ATHLETE_MEAL (ATHLETE_ID,MEAL_PLAN_ID,SCHEDULED_TIME) values (8,9,'Mid week');
Insert into ADOYLE.ATHLETE_MEAL (ATHLETE_ID,MEAL_PLAN_ID,SCHEDULED_TIME) values (10,1,'Pre and post match');
Insert into ADOYLE.ATHLETE_MEAL (ATHLETE_ID,MEAL_PLAN_ID,SCHEDULED_TIME) values (10,10,'Mid week');
Insert into ADOYLE.ATHLETE_MEAL (ATHLETE_ID,MEAL_PLAN_ID,SCHEDULED_TIME) values (11,1,'Pre and post match');
Insert into ADOYLE.ATHLETE_MEAL (ATHLETE_ID,MEAL_PLAN_ID,SCHEDULED_TIME) values (11,9,'Mid week');
Insert into ADOYLE.ATHLETE_MEAL (ATHLETE_ID,MEAL_PLAN_ID,SCHEDULED_TIME) values (12,4,'Once a week');
Insert into ADOYLE.ATHLETE_MEAL (ATHLETE_ID,MEAL_PLAN_ID,SCHEDULED_TIME) values (12,5,'Three times a week');
Insert into ADOYLE.ATHLETE_MEAL (ATHLETE_ID,MEAL_PLAN_ID,SCHEDULED_TIME) values (12,1,'Twice a week');
Insert into ADOYLE.ATHLETE_MEAL (ATHLETE_ID,MEAL_PLAN_ID,SCHEDULED_TIME) values (12,3,'Once a week');
Insert into ADOYLE.ATHLETE_MEAL (ATHLETE_ID,MEAL_PLAN_ID,SCHEDULED_TIME) values (13,1,'Pre and post match');
Insert into ADOYLE.ATHLETE_MEAL (ATHLETE_ID,MEAL_PLAN_ID,SCHEDULED_TIME) values (13,9,'Mid week');
Insert into ADOYLE.ATHLETE_MEAL (ATHLETE_ID,MEAL_PLAN_ID,SCHEDULED_TIME) values (14,1,'Pre and post match');
Insert into ADOYLE.ATHLETE_MEAL (ATHLETE_ID,MEAL_PLAN_ID,SCHEDULED_TIME) values (14,9,'Mid week');
Insert into ADOYLE.ATHLETE_MEAL (ATHLETE_ID,MEAL_PLAN_ID,SCHEDULED_TIME) values (15,5,'Twice a week');
Insert into ADOYLE.ATHLETE_MEAL (ATHLETE_ID,MEAL_PLAN_ID,SCHEDULED_TIME) values (15,3,'Twice a week');
Insert into ADOYLE.ATHLETE_MEAL (ATHLETE_ID,MEAL_PLAN_ID,SCHEDULED_TIME) values (15,4,'Twice a week');
Insert into ADOYLE.ATHLETE_MEAL (ATHLETE_ID,MEAL_PLAN_ID,SCHEDULED_TIME) values (15,9,'Once a week');
Insert into ADOYLE.ATHLETE_MEAL (ATHLETE_ID,MEAL_PLAN_ID,SCHEDULED_TIME) values (16,1,'Pre and post match');
Insert into ADOYLE.ATHLETE_MEAL (ATHLETE_ID,MEAL_PLAN_ID,SCHEDULED_TIME) values (16,9,'Mid week');
Insert into ADOYLE.ATHLETE_MEAL (ATHLETE_ID,MEAL_PLAN_ID,SCHEDULED_TIME) values (17,1,'Pre and post match');
Insert into ADOYLE.ATHLETE_MEAL (ATHLETE_ID,MEAL_PLAN_ID,SCHEDULED_TIME) values (17,10,'Mid week');
Insert into ADOYLE.ATHLETE_MEAL (ATHLETE_ID,MEAL_PLAN_ID,SCHEDULED_TIME) values (18,7,'Twice a week');
Insert into ADOYLE.ATHLETE_MEAL (ATHLETE_ID,MEAL_PLAN_ID,SCHEDULED_TIME) values (18,3,'Twice a week');
Insert into ADOYLE.ATHLETE_MEAL (ATHLETE_ID,MEAL_PLAN_ID,SCHEDULED_TIME) values (18,4,'Twice a week');
Insert into ADOYLE.ATHLETE_MEAL (ATHLETE_ID,MEAL_PLAN_ID,SCHEDULED_TIME) values (18,5,'Once a week');
Insert into ADOYLE.ATHLETE_MEAL (ATHLETE_ID,MEAL_PLAN_ID,SCHEDULED_TIME) values (19,1,'Pre and post match');
Insert into ADOYLE.ATHLETE_MEAL (ATHLETE_ID,MEAL_PLAN_ID,SCHEDULED_TIME) values (19,9,'Mid week');
Insert into ADOYLE.ATHLETE_MEAL (ATHLETE_ID,MEAL_PLAN_ID,SCHEDULED_TIME) values (20,1,'Pre and post match');
Insert into ADOYLE.ATHLETE_MEAL (ATHLETE_ID,MEAL_PLAN_ID,SCHEDULED_TIME) values (20,9,'Mid week');
Insert into ADOYLE.ATHLETE_MEAL (ATHLETE_ID,MEAL_PLAN_ID,SCHEDULED_TIME) values (22,3,'Twice a week');
Insert into ADOYLE.ATHLETE_MEAL (ATHLETE_ID,MEAL_PLAN_ID,SCHEDULED_TIME) values (22,4,'Twice a week');
Insert into ADOYLE.ATHLETE_MEAL (ATHLETE_ID,MEAL_PLAN_ID,SCHEDULED_TIME) values (22,7,'Twice a week');
Insert into ADOYLE.ATHLETE_MEAL (ATHLETE_ID,MEAL_PLAN_ID,SCHEDULED_TIME) values (22,10,'Once a week');
Insert into ADOYLE.ATHLETE_MEAL (ATHLETE_ID,MEAL_PLAN_ID,SCHEDULED_TIME) values (23,1,'Pre and post match');
Insert into ADOYLE.ATHLETE_MEAL (ATHLETE_ID,MEAL_PLAN_ID,SCHEDULED_TIME) values (23,9,'Mid week');
Insert into ADOYLE.ATHLETE_MEAL (ATHLETE_ID,MEAL_PLAN_ID,SCHEDULED_TIME) values (24,1,'Twice a week');
Insert into ADOYLE.ATHLETE_MEAL (ATHLETE_ID,MEAL_PLAN_ID,SCHEDULED_TIME) values (24,3,'Twice a week');
Insert into ADOYLE.ATHLETE_MEAL (ATHLETE_ID,MEAL_PLAN_ID,SCHEDULED_TIME) values (24,7,'Twice a week');
Insert into ADOYLE.ATHLETE_MEAL (ATHLETE_ID,MEAL_PLAN_ID,SCHEDULED_TIME) values (24,4,'Once a week');
Insert into ADOYLE.ATHLETE_MEAL (ATHLETE_ID,MEAL_PLAN_ID,SCHEDULED_TIME) values (25,1,'Pre and post match');
Insert into ADOYLE.ATHLETE_MEAL (ATHLETE_ID,MEAL_PLAN_ID,SCHEDULED_TIME) values (25,9,'Mid week');
Insert into ADOYLE.ATHLETE_MEAL (ATHLETE_ID,MEAL_PLAN_ID,SCHEDULED_TIME) values (26,1,'Pre and post match');
Insert into ADOYLE.ATHLETE_MEAL (ATHLETE_ID,MEAL_PLAN_ID,SCHEDULED_TIME) values (26,9,'Mid week');
Insert into ADOYLE.ATHLETE_MEAL (ATHLETE_ID,MEAL_PLAN_ID,SCHEDULED_TIME) values (28,1,'Pre and post match');
Insert into ADOYLE.ATHLETE_MEAL (ATHLETE_ID,MEAL_PLAN_ID,SCHEDULED_TIME) values (28,10,'Mid week');
Insert into ADOYLE.ATHLETE_MEAL (ATHLETE_ID,MEAL_PLAN_ID,SCHEDULED_TIME) values (40,1,'Pre and post match');
Insert into ADOYLE.ATHLETE_MEAL (ATHLETE_ID,MEAL_PLAN_ID,SCHEDULED_TIME) values (40,9,'Mid week');
REM INSERTING into ADOYLE.ATHLETE_WORKOUT
SET DEFINE OFF;
Insert into ADOYLE.ATHLETE_WORKOUT (ATHLETE_ID,WORKOUT_ID,TIMES_PER_WEEK) values (1,1,1);
Insert into ADOYLE.ATHLETE_WORKOUT (ATHLETE_ID,WORKOUT_ID,TIMES_PER_WEEK) values (1,6,2);
Insert into ADOYLE.ATHLETE_WORKOUT (ATHLETE_ID,WORKOUT_ID,TIMES_PER_WEEK) values (1,8,1);
Insert into ADOYLE.ATHLETE_WORKOUT (ATHLETE_ID,WORKOUT_ID,TIMES_PER_WEEK) values (1,9,3);
Insert into ADOYLE.ATHLETE_WORKOUT (ATHLETE_ID,WORKOUT_ID,TIMES_PER_WEEK) values (1,2,1);
Insert into ADOYLE.ATHLETE_WORKOUT (ATHLETE_ID,WORKOUT_ID,TIMES_PER_WEEK) values (2,1,1);
Insert into ADOYLE.ATHLETE_WORKOUT (ATHLETE_ID,WORKOUT_ID,TIMES_PER_WEEK) values (2,7,3);
Insert into ADOYLE.ATHLETE_WORKOUT (ATHLETE_ID,WORKOUT_ID,TIMES_PER_WEEK) values (2,13,1);
Insert into ADOYLE.ATHLETE_WORKOUT (ATHLETE_ID,WORKOUT_ID,TIMES_PER_WEEK) values (2,10,2);
Insert into ADOYLE.ATHLETE_WORKOUT (ATHLETE_ID,WORKOUT_ID,TIMES_PER_WEEK) values (2,3,1);
Insert into ADOYLE.ATHLETE_WORKOUT (ATHLETE_ID,WORKOUT_ID,TIMES_PER_WEEK) values (3,1,1);
Insert into ADOYLE.ATHLETE_WORKOUT (ATHLETE_ID,WORKOUT_ID,TIMES_PER_WEEK) values (3,6,3);
Insert into ADOYLE.ATHLETE_WORKOUT (ATHLETE_ID,WORKOUT_ID,TIMES_PER_WEEK) values (3,15,1);
Insert into ADOYLE.ATHLETE_WORKOUT (ATHLETE_ID,WORKOUT_ID,TIMES_PER_WEEK) values (3,9,2);
Insert into ADOYLE.ATHLETE_WORKOUT (ATHLETE_ID,WORKOUT_ID,TIMES_PER_WEEK) values (3,5,1);
Insert into ADOYLE.ATHLETE_WORKOUT (ATHLETE_ID,WORKOUT_ID,TIMES_PER_WEEK) values (4,1,1);
Insert into ADOYLE.ATHLETE_WORKOUT (ATHLETE_ID,WORKOUT_ID,TIMES_PER_WEEK) values (4,7,2);
Insert into ADOYLE.ATHLETE_WORKOUT (ATHLETE_ID,WORKOUT_ID,TIMES_PER_WEEK) values (4,10,1);
Insert into ADOYLE.ATHLETE_WORKOUT (ATHLETE_ID,WORKOUT_ID,TIMES_PER_WEEK) values (4,11,3);
Insert into ADOYLE.ATHLETE_WORKOUT (ATHLETE_ID,WORKOUT_ID,TIMES_PER_WEEK) values (4,8,1);
Insert into ADOYLE.ATHLETE_WORKOUT (ATHLETE_ID,WORKOUT_ID,TIMES_PER_WEEK) values (5,1,1);
Insert into ADOYLE.ATHLETE_WORKOUT (ATHLETE_ID,WORKOUT_ID,TIMES_PER_WEEK) values (5,7,2);
Insert into ADOYLE.ATHLETE_WORKOUT (ATHLETE_ID,WORKOUT_ID,TIMES_PER_WEEK) values (5,14,1);
Insert into ADOYLE.ATHLETE_WORKOUT (ATHLETE_ID,WORKOUT_ID,TIMES_PER_WEEK) values (5,9,3);
Insert into ADOYLE.ATHLETE_WORKOUT (ATHLETE_ID,WORKOUT_ID,TIMES_PER_WEEK) values (5,8,1);
Insert into ADOYLE.ATHLETE_WORKOUT (ATHLETE_ID,WORKOUT_ID,TIMES_PER_WEEK) values (6,1,1);
Insert into ADOYLE.ATHLETE_WORKOUT (ATHLETE_ID,WORKOUT_ID,TIMES_PER_WEEK) values (6,6,2);
Insert into ADOYLE.ATHLETE_WORKOUT (ATHLETE_ID,WORKOUT_ID,TIMES_PER_WEEK) values (6,16,1);
Insert into ADOYLE.ATHLETE_WORKOUT (ATHLETE_ID,WORKOUT_ID,TIMES_PER_WEEK) values (6,11,3);
Insert into ADOYLE.ATHLETE_WORKOUT (ATHLETE_ID,WORKOUT_ID,TIMES_PER_WEEK) values (6,10,1);
Insert into ADOYLE.ATHLETE_WORKOUT (ATHLETE_ID,WORKOUT_ID,TIMES_PER_WEEK) values (7,1,1);
Insert into ADOYLE.ATHLETE_WORKOUT (ATHLETE_ID,WORKOUT_ID,TIMES_PER_WEEK) values (7,7,3);
Insert into ADOYLE.ATHLETE_WORKOUT (ATHLETE_ID,WORKOUT_ID,TIMES_PER_WEEK) values (7,10,1);
Insert into ADOYLE.ATHLETE_WORKOUT (ATHLETE_ID,WORKOUT_ID,TIMES_PER_WEEK) values (7,9,2);
Insert into ADOYLE.ATHLETE_WORKOUT (ATHLETE_ID,WORKOUT_ID,TIMES_PER_WEEK) values (7,6,1);
Insert into ADOYLE.ATHLETE_WORKOUT (ATHLETE_ID,WORKOUT_ID,TIMES_PER_WEEK) values (8,1,2);
Insert into ADOYLE.ATHLETE_WORKOUT (ATHLETE_ID,WORKOUT_ID,TIMES_PER_WEEK) values (8,6,2);
Insert into ADOYLE.ATHLETE_WORKOUT (ATHLETE_ID,WORKOUT_ID,TIMES_PER_WEEK) values (8,8,1);
Insert into ADOYLE.ATHLETE_WORKOUT (ATHLETE_ID,WORKOUT_ID,TIMES_PER_WEEK) values (8,11,2);
Insert into ADOYLE.ATHLETE_WORKOUT (ATHLETE_ID,WORKOUT_ID,TIMES_PER_WEEK) values (8,7,1);
Insert into ADOYLE.ATHLETE_WORKOUT (ATHLETE_ID,WORKOUT_ID,TIMES_PER_WEEK) values (10,1,2);
Insert into ADOYLE.ATHLETE_WORKOUT (ATHLETE_ID,WORKOUT_ID,TIMES_PER_WEEK) values (10,6,2);
Insert into ADOYLE.ATHLETE_WORKOUT (ATHLETE_ID,WORKOUT_ID,TIMES_PER_WEEK) values (10,10,1);
Insert into ADOYLE.ATHLETE_WORKOUT (ATHLETE_ID,WORKOUT_ID,TIMES_PER_WEEK) values (10,11,2);
Insert into ADOYLE.ATHLETE_WORKOUT (ATHLETE_ID,WORKOUT_ID,TIMES_PER_WEEK) values (10,7,1);
Insert into ADOYLE.ATHLETE_WORKOUT (ATHLETE_ID,WORKOUT_ID,TIMES_PER_WEEK) values (11,1,1);
Insert into ADOYLE.ATHLETE_WORKOUT (ATHLETE_ID,WORKOUT_ID,TIMES_PER_WEEK) values (11,7,2);
Insert into ADOYLE.ATHLETE_WORKOUT (ATHLETE_ID,WORKOUT_ID,TIMES_PER_WEEK) values (11,14,1);
Insert into ADOYLE.ATHLETE_WORKOUT (ATHLETE_ID,WORKOUT_ID,TIMES_PER_WEEK) values (11,11,2);
Insert into ADOYLE.ATHLETE_WORKOUT (ATHLETE_ID,WORKOUT_ID,TIMES_PER_WEEK) values (11,3,1);
Insert into ADOYLE.ATHLETE_WORKOUT (ATHLETE_ID,WORKOUT_ID,TIMES_PER_WEEK) values (12,2,1);
Insert into ADOYLE.ATHLETE_WORKOUT (ATHLETE_ID,WORKOUT_ID,TIMES_PER_WEEK) values (12,3,2);
Insert into ADOYLE.ATHLETE_WORKOUT (ATHLETE_ID,WORKOUT_ID,TIMES_PER_WEEK) values (12,4,4);
Insert into ADOYLE.ATHLETE_WORKOUT (ATHLETE_ID,WORKOUT_ID,TIMES_PER_WEEK) values (12,9,0);
Insert into ADOYLE.ATHLETE_WORKOUT (ATHLETE_ID,WORKOUT_ID,TIMES_PER_WEEK) values (12,13,0);
Insert into ADOYLE.ATHLETE_WORKOUT (ATHLETE_ID,WORKOUT_ID,TIMES_PER_WEEK) values (13,1,1);
Insert into ADOYLE.ATHLETE_WORKOUT (ATHLETE_ID,WORKOUT_ID,TIMES_PER_WEEK) values (13,7,2);
Insert into ADOYLE.ATHLETE_WORKOUT (ATHLETE_ID,WORKOUT_ID,TIMES_PER_WEEK) values (13,15,1);
Insert into ADOYLE.ATHLETE_WORKOUT (ATHLETE_ID,WORKOUT_ID,TIMES_PER_WEEK) values (13,9,3);
Insert into ADOYLE.ATHLETE_WORKOUT (ATHLETE_ID,WORKOUT_ID,TIMES_PER_WEEK) values (13,2,1);
Insert into ADOYLE.ATHLETE_WORKOUT (ATHLETE_ID,WORKOUT_ID,TIMES_PER_WEEK) values (14,1,2);
Insert into ADOYLE.ATHLETE_WORKOUT (ATHLETE_ID,WORKOUT_ID,TIMES_PER_WEEK) values (14,7,2);
Insert into ADOYLE.ATHLETE_WORKOUT (ATHLETE_ID,WORKOUT_ID,TIMES_PER_WEEK) values (14,12,1);
Insert into ADOYLE.ATHLETE_WORKOUT (ATHLETE_ID,WORKOUT_ID,TIMES_PER_WEEK) values (14,9,2);
Insert into ADOYLE.ATHLETE_WORKOUT (ATHLETE_ID,WORKOUT_ID,TIMES_PER_WEEK) values (14,2,1);
Insert into ADOYLE.ATHLETE_WORKOUT (ATHLETE_ID,WORKOUT_ID,TIMES_PER_WEEK) values (15,2,3);
Insert into ADOYLE.ATHLETE_WORKOUT (ATHLETE_ID,WORKOUT_ID,TIMES_PER_WEEK) values (15,3,0);
Insert into ADOYLE.ATHLETE_WORKOUT (ATHLETE_ID,WORKOUT_ID,TIMES_PER_WEEK) values (15,4,1);
Insert into ADOYLE.ATHLETE_WORKOUT (ATHLETE_ID,WORKOUT_ID,TIMES_PER_WEEK) values (15,10,0);
Insert into ADOYLE.ATHLETE_WORKOUT (ATHLETE_ID,WORKOUT_ID,TIMES_PER_WEEK) values (15,13,0);
Insert into ADOYLE.ATHLETE_WORKOUT (ATHLETE_ID,WORKOUT_ID,TIMES_PER_WEEK) values (16,1,1);
Insert into ADOYLE.ATHLETE_WORKOUT (ATHLETE_ID,WORKOUT_ID,TIMES_PER_WEEK) values (16,6,2);
Insert into ADOYLE.ATHLETE_WORKOUT (ATHLETE_ID,WORKOUT_ID,TIMES_PER_WEEK) values (16,12,1);
Insert into ADOYLE.ATHLETE_WORKOUT (ATHLETE_ID,WORKOUT_ID,TIMES_PER_WEEK) values (16,9,2);
Insert into ADOYLE.ATHLETE_WORKOUT (ATHLETE_ID,WORKOUT_ID,TIMES_PER_WEEK) values (16,7,1);
Insert into ADOYLE.ATHLETE_WORKOUT (ATHLETE_ID,WORKOUT_ID,TIMES_PER_WEEK) values (17,1,1);
Insert into ADOYLE.ATHLETE_WORKOUT (ATHLETE_ID,WORKOUT_ID,TIMES_PER_WEEK) values (17,6,3);
Insert into ADOYLE.ATHLETE_WORKOUT (ATHLETE_ID,WORKOUT_ID,TIMES_PER_WEEK) values (17,8,1);
Insert into ADOYLE.ATHLETE_WORKOUT (ATHLETE_ID,WORKOUT_ID,TIMES_PER_WEEK) values (17,11,2);
Insert into ADOYLE.ATHLETE_WORKOUT (ATHLETE_ID,WORKOUT_ID,TIMES_PER_WEEK) values (17,3,1);
Insert into ADOYLE.ATHLETE_WORKOUT (ATHLETE_ID,WORKOUT_ID,TIMES_PER_WEEK) values (18,2,4);
Insert into ADOYLE.ATHLETE_WORKOUT (ATHLETE_ID,WORKOUT_ID,TIMES_PER_WEEK) values (18,3,0);
Insert into ADOYLE.ATHLETE_WORKOUT (ATHLETE_ID,WORKOUT_ID,TIMES_PER_WEEK) values (18,4,1);
Insert into ADOYLE.ATHLETE_WORKOUT (ATHLETE_ID,WORKOUT_ID,TIMES_PER_WEEK) values (18,10,1);
Insert into ADOYLE.ATHLETE_WORKOUT (ATHLETE_ID,WORKOUT_ID,TIMES_PER_WEEK) values (18,13,0);
Insert into ADOYLE.ATHLETE_WORKOUT (ATHLETE_ID,WORKOUT_ID,TIMES_PER_WEEK) values (19,1,1);
Insert into ADOYLE.ATHLETE_WORKOUT (ATHLETE_ID,WORKOUT_ID,TIMES_PER_WEEK) values (19,6,2);
Insert into ADOYLE.ATHLETE_WORKOUT (ATHLETE_ID,WORKOUT_ID,TIMES_PER_WEEK) values (19,14,1);
Insert into ADOYLE.ATHLETE_WORKOUT (ATHLETE_ID,WORKOUT_ID,TIMES_PER_WEEK) values (19,9,2);
Insert into ADOYLE.ATHLETE_WORKOUT (ATHLETE_ID,WORKOUT_ID,TIMES_PER_WEEK) values (19,3,1);
Insert into ADOYLE.ATHLETE_WORKOUT (ATHLETE_ID,WORKOUT_ID,TIMES_PER_WEEK) values (20,1,1);
Insert into ADOYLE.ATHLETE_WORKOUT (ATHLETE_ID,WORKOUT_ID,TIMES_PER_WEEK) values (20,7,2);
Insert into ADOYLE.ATHLETE_WORKOUT (ATHLETE_ID,WORKOUT_ID,TIMES_PER_WEEK) values (20,15,1);
Insert into ADOYLE.ATHLETE_WORKOUT (ATHLETE_ID,WORKOUT_ID,TIMES_PER_WEEK) values (20,9,2);
Insert into ADOYLE.ATHLETE_WORKOUT (ATHLETE_ID,WORKOUT_ID,TIMES_PER_WEEK) values (20,3,1);
Insert into ADOYLE.ATHLETE_WORKOUT (ATHLETE_ID,WORKOUT_ID,TIMES_PER_WEEK) values (22,2,2);
Insert into ADOYLE.ATHLETE_WORKOUT (ATHLETE_ID,WORKOUT_ID,TIMES_PER_WEEK) values (22,3,2);
Insert into ADOYLE.ATHLETE_WORKOUT (ATHLETE_ID,WORKOUT_ID,TIMES_PER_WEEK) values (22,4,0);
Insert into ADOYLE.ATHLETE_WORKOUT (ATHLETE_ID,WORKOUT_ID,TIMES_PER_WEEK) values (22,8,0);
Insert into ADOYLE.ATHLETE_WORKOUT (ATHLETE_ID,WORKOUT_ID,TIMES_PER_WEEK) values (22,13,1);
Insert into ADOYLE.ATHLETE_WORKOUT (ATHLETE_ID,WORKOUT_ID,TIMES_PER_WEEK) values (23,1,1);
Insert into ADOYLE.ATHLETE_WORKOUT (ATHLETE_ID,WORKOUT_ID,TIMES_PER_WEEK) values (23,7,2);
Insert into ADOYLE.ATHLETE_WORKOUT (ATHLETE_ID,WORKOUT_ID,TIMES_PER_WEEK) values (23,12,1);
Insert into ADOYLE.ATHLETE_WORKOUT (ATHLETE_ID,WORKOUT_ID,TIMES_PER_WEEK) values (23,9,2);
Insert into ADOYLE.ATHLETE_WORKOUT (ATHLETE_ID,WORKOUT_ID,TIMES_PER_WEEK) values (23,2,1);
Insert into ADOYLE.ATHLETE_WORKOUT (ATHLETE_ID,WORKOUT_ID,TIMES_PER_WEEK) values (24,2,1);
Insert into ADOYLE.ATHLETE_WORKOUT (ATHLETE_ID,WORKOUT_ID,TIMES_PER_WEEK) values (24,3,1);
Insert into ADOYLE.ATHLETE_WORKOUT (ATHLETE_ID,WORKOUT_ID,TIMES_PER_WEEK) values (24,4,1);
Insert into ADOYLE.ATHLETE_WORKOUT (ATHLETE_ID,WORKOUT_ID,TIMES_PER_WEEK) values (24,5,1);
Insert into ADOYLE.ATHLETE_WORKOUT (ATHLETE_ID,WORKOUT_ID,TIMES_PER_WEEK) values (24,13,0);
Insert into ADOYLE.ATHLETE_WORKOUT (ATHLETE_ID,WORKOUT_ID,TIMES_PER_WEEK) values (25,1,1);
Insert into ADOYLE.ATHLETE_WORKOUT (ATHLETE_ID,WORKOUT_ID,TIMES_PER_WEEK) values (25,6,2);
Insert into ADOYLE.ATHLETE_WORKOUT (ATHLETE_ID,WORKOUT_ID,TIMES_PER_WEEK) values (25,10,1);
Insert into ADOYLE.ATHLETE_WORKOUT (ATHLETE_ID,WORKOUT_ID,TIMES_PER_WEEK) values (25,11,2);
Insert into ADOYLE.ATHLETE_WORKOUT (ATHLETE_ID,WORKOUT_ID,TIMES_PER_WEEK) values (25,2,1);
Insert into ADOYLE.ATHLETE_WORKOUT (ATHLETE_ID,WORKOUT_ID,TIMES_PER_WEEK) values (26,1,1);
Insert into ADOYLE.ATHLETE_WORKOUT (ATHLETE_ID,WORKOUT_ID,TIMES_PER_WEEK) values (26,7,2);
Insert into ADOYLE.ATHLETE_WORKOUT (ATHLETE_ID,WORKOUT_ID,TIMES_PER_WEEK) values (26,8,1);
Insert into ADOYLE.ATHLETE_WORKOUT (ATHLETE_ID,WORKOUT_ID,TIMES_PER_WEEK) values (26,9,2);
Insert into ADOYLE.ATHLETE_WORKOUT (ATHLETE_ID,WORKOUT_ID,TIMES_PER_WEEK) values (26,15,1);
Insert into ADOYLE.ATHLETE_WORKOUT (ATHLETE_ID,WORKOUT_ID,TIMES_PER_WEEK) values (28,1,1);
Insert into ADOYLE.ATHLETE_WORKOUT (ATHLETE_ID,WORKOUT_ID,TIMES_PER_WEEK) values (28,6,3);
Insert into ADOYLE.ATHLETE_WORKOUT (ATHLETE_ID,WORKOUT_ID,TIMES_PER_WEEK) values (28,13,1);
Insert into ADOYLE.ATHLETE_WORKOUT (ATHLETE_ID,WORKOUT_ID,TIMES_PER_WEEK) values (28,9,2);
Insert into ADOYLE.ATHLETE_WORKOUT (ATHLETE_ID,WORKOUT_ID,TIMES_PER_WEEK) values (28,3,1);
Insert into ADOYLE.ATHLETE_WORKOUT (ATHLETE_ID,WORKOUT_ID,TIMES_PER_WEEK) values (40,1,1);
Insert into ADOYLE.ATHLETE_WORKOUT (ATHLETE_ID,WORKOUT_ID,TIMES_PER_WEEK) values (40,6,2);
Insert into ADOYLE.ATHLETE_WORKOUT (ATHLETE_ID,WORKOUT_ID,TIMES_PER_WEEK) values (40,10,1);
Insert into ADOYLE.ATHLETE_WORKOUT (ATHLETE_ID,WORKOUT_ID,TIMES_PER_WEEK) values (40,11,3);
Insert into ADOYLE.ATHLETE_WORKOUT (ATHLETE_ID,WORKOUT_ID,TIMES_PER_WEEK) values (40,16,1);
REM INSERTING into ADOYLE.COACHES
SET DEFINE OFF;
Insert into ADOYLE.COACHES (COACH_ID,COACH_NAME,ROLE,SALARY) values (1,'Eric Steele ','Goalkeeping Coach',6000);
Insert into ADOYLE.COACHES (COACH_ID,COACH_NAME,ROLE,SALARY) values (2,'Rene Meulensteen','First Team Coach',15000);
Insert into ADOYLE.COACHES (COACH_ID,COACH_NAME,ROLE,SALARY) values (3,'Mick Clegg','Attack Coach',9000);
Insert into ADOYLE.COACHES (COACH_ID,COACH_NAME,ROLE,SALARY) values (4,'Richard Hawkins','Defense Coach',8000);
Insert into ADOYLE.COACHES (COACH_ID,COACH_NAME,ROLE,SALARY) values (5,'Andrew Doyle','Assistant Coach',12000);
REM INSERTING into ADOYLE.COACHES_SKILL
SET DEFINE OFF;
Insert into ADOYLE.COACHES_SKILL (COACH_ID,SKILL_ID) values (1,1);
Insert into ADOYLE.COACHES_SKILL (COACH_ID,SKILL_ID) values (1,2);
Insert into ADOYLE.COACHES_SKILL (COACH_ID,SKILL_ID) values (1,3);
Insert into ADOYLE.COACHES_SKILL (COACH_ID,SKILL_ID) values (1,4);
Insert into ADOYLE.COACHES_SKILL (COACH_ID,SKILL_ID) values (2,1);
Insert into ADOYLE.COACHES_SKILL (COACH_ID,SKILL_ID) values (2,2);
Insert into ADOYLE.COACHES_SKILL (COACH_ID,SKILL_ID) values (2,3);
Insert into ADOYLE.COACHES_SKILL (COACH_ID,SKILL_ID) values (2,4);
Insert into ADOYLE.COACHES_SKILL (COACH_ID,SKILL_ID) values (2,5);
Insert into ADOYLE.COACHES_SKILL (COACH_ID,SKILL_ID) values (2,6);
Insert into ADOYLE.COACHES_SKILL (COACH_ID,SKILL_ID) values (3,2);
Insert into ADOYLE.COACHES_SKILL (COACH_ID,SKILL_ID) values (3,3);
Insert into ADOYLE.COACHES_SKILL (COACH_ID,SKILL_ID) values (3,4);
Insert into ADOYLE.COACHES_SKILL (COACH_ID,SKILL_ID) values (3,5);
Insert into ADOYLE.COACHES_SKILL (COACH_ID,SKILL_ID) values (3,6);
Insert into ADOYLE.COACHES_SKILL (COACH_ID,SKILL_ID) values (4,1);
Insert into ADOYLE.COACHES_SKILL (COACH_ID,SKILL_ID) values (4,3);
Insert into ADOYLE.COACHES_SKILL (COACH_ID,SKILL_ID) values (4,4);
Insert into ADOYLE.COACHES_SKILL (COACH_ID,SKILL_ID) values (4,6);
REM INSERTING into ADOYLE.DIET
SET DEFINE OFF;
Insert into ADOYLE.DIET (DIET_ID,DIET_NAME,SPORTS_SCIENTIST_ID) values (1,'Injury Diet',1);
Insert into ADOYLE.DIET (DIET_ID,DIET_NAME,SPORTS_SCIENTIST_ID) values (2,'Regular Player Diet',1);
Insert into ADOYLE.DIET (DIET_ID,DIET_NAME,SPORTS_SCIENTIST_ID) values (3,'Squad Player Diet',1);
Insert into ADOYLE.DIET (DIET_ID,DIET_NAME,SPORTS_SCIENTIST_ID) values (4,'Weight-Loss Diet',1);
Insert into ADOYLE.DIET (DIET_ID,DIET_NAME,SPORTS_SCIENTIST_ID) values (5,'Strength-gain Diet',3);
REM INSERTING into ADOYLE.DIET_MEAL
SET DEFINE OFF;
Insert into ADOYLE.DIET_MEAL (DIET_ID,MEAL_PLAN_ID) values (1,3);
Insert into ADOYLE.DIET_MEAL (DIET_ID,MEAL_PLAN_ID) values (1,4);
Insert into ADOYLE.DIET_MEAL (DIET_ID,MEAL_PLAN_ID) values (1,5);
Insert into ADOYLE.DIET_MEAL (DIET_ID,MEAL_PLAN_ID) values (2,1);
Insert into ADOYLE.DIET_MEAL (DIET_ID,MEAL_PLAN_ID) values (2,5);
Insert into ADOYLE.DIET_MEAL (DIET_ID,MEAL_PLAN_ID) values (2,7);
Insert into ADOYLE.DIET_MEAL (DIET_ID,MEAL_PLAN_ID) values (2,8);
Insert into ADOYLE.DIET_MEAL (DIET_ID,MEAL_PLAN_ID) values (2,9);
Insert into ADOYLE.DIET_MEAL (DIET_ID,MEAL_PLAN_ID) values (2,10);
Insert into ADOYLE.DIET_MEAL (DIET_ID,MEAL_PLAN_ID) values (3,1);
Insert into ADOYLE.DIET_MEAL (DIET_ID,MEAL_PLAN_ID) values (3,5);
Insert into ADOYLE.DIET_MEAL (DIET_ID,MEAL_PLAN_ID) values (3,7);
Insert into ADOYLE.DIET_MEAL (DIET_ID,MEAL_PLAN_ID) values (3,8);
Insert into ADOYLE.DIET_MEAL (DIET_ID,MEAL_PLAN_ID) values (3,9);
Insert into ADOYLE.DIET_MEAL (DIET_ID,MEAL_PLAN_ID) values (3,10);
Insert into ADOYLE.DIET_MEAL (DIET_ID,MEAL_PLAN_ID) values (4,7);
Insert into ADOYLE.DIET_MEAL (DIET_ID,MEAL_PLAN_ID) values (4,8);
Insert into ADOYLE.DIET_MEAL (DIET_ID,MEAL_PLAN_ID) values (5,9);
Insert into ADOYLE.DIET_MEAL (DIET_ID,MEAL_PLAN_ID) values (5,10);
REM INSERTING into ADOYLE.FITNESS_COACH
SET DEFINE OFF;
Insert into ADOYLE.FITNESS_COACH (FITNESS_COACH_ID,FITNESS_COACH_NAME,EDUCATION,SALARY) values (1,'Tony Strudwick','Sports Science',7500);
REM INSERTING into ADOYLE.FITNESS_PLAN
SET DEFINE OFF;
Insert into ADOYLE.FITNESS_PLAN (FITNESS_PLAN_ID,FITNESS_PLAN_NAME,FITNESS_COACH_ID,SPORTS_SCIENTIST_ID) values (1,'Endurance',1,2);
Insert into ADOYLE.FITNESS_PLAN (FITNESS_PLAN_ID,FITNESS_PLAN_NAME,FITNESS_COACH_ID,SPORTS_SCIENTIST_ID) values (2,'Speed',1,2);
Insert into ADOYLE.FITNESS_PLAN (FITNESS_PLAN_ID,FITNESS_PLAN_NAME,FITNESS_COACH_ID,SPORTS_SCIENTIST_ID) values (3,'Mobility',1,2);
Insert into ADOYLE.FITNESS_PLAN (FITNESS_PLAN_ID,FITNESS_PLAN_NAME,FITNESS_COACH_ID,SPORTS_SCIENTIST_ID) values (4,'Strength',1,3);
Insert into ADOYLE.FITNESS_PLAN (FITNESS_PLAN_ID,FITNESS_PLAN_NAME,FITNESS_COACH_ID,SPORTS_SCIENTIST_ID) values (5,'Recovery',1,2);
Insert into ADOYLE.FITNESS_PLAN (FITNESS_PLAN_ID,FITNESS_PLAN_NAME,FITNESS_COACH_ID,SPORTS_SCIENTIST_ID) values (6,'Weight-loss',1,3);
REM INSERTING into ADOYLE.FITNESS_PLAN_WORKOUT
SET DEFINE OFF;
Insert into ADOYLE.FITNESS_PLAN_WORKOUT (FITNESS_PLAN_ID,WORKOUT_ID) values (1,1);
Insert into ADOYLE.FITNESS_PLAN_WORKOUT (FITNESS_PLAN_ID,WORKOUT_ID) values (1,2);
Insert into ADOYLE.FITNESS_PLAN_WORKOUT (FITNESS_PLAN_ID,WORKOUT_ID) values (1,3);
Insert into ADOYLE.FITNESS_PLAN_WORKOUT (FITNESS_PLAN_ID,WORKOUT_ID) values (2,6);
Insert into ADOYLE.FITNESS_PLAN_WORKOUT (FITNESS_PLAN_ID,WORKOUT_ID) values (2,7);
Insert into ADOYLE.FITNESS_PLAN_WORKOUT (FITNESS_PLAN_ID,WORKOUT_ID) values (3,8);
Insert into ADOYLE.FITNESS_PLAN_WORKOUT (FITNESS_PLAN_ID,WORKOUT_ID) values (3,10);
Insert into ADOYLE.FITNESS_PLAN_WORKOUT (FITNESS_PLAN_ID,WORKOUT_ID) values (3,12);
Insert into ADOYLE.FITNESS_PLAN_WORKOUT (FITNESS_PLAN_ID,WORKOUT_ID) values (3,13);
Insert into ADOYLE.FITNESS_PLAN_WORKOUT (FITNESS_PLAN_ID,WORKOUT_ID) values (3,14);
Insert into ADOYLE.FITNESS_PLAN_WORKOUT (FITNESS_PLAN_ID,WORKOUT_ID) values (3,15);
Insert into ADOYLE.FITNESS_PLAN_WORKOUT (FITNESS_PLAN_ID,WORKOUT_ID) values (3,16);
Insert into ADOYLE.FITNESS_PLAN_WORKOUT (FITNESS_PLAN_ID,WORKOUT_ID) values (4,8);
Insert into ADOYLE.FITNESS_PLAN_WORKOUT (FITNESS_PLAN_ID,WORKOUT_ID) values (4,9);
Insert into ADOYLE.FITNESS_PLAN_WORKOUT (FITNESS_PLAN_ID,WORKOUT_ID) values (4,10);
Insert into ADOYLE.FITNESS_PLAN_WORKOUT (FITNESS_PLAN_ID,WORKOUT_ID) values (4,11);
Insert into ADOYLE.FITNESS_PLAN_WORKOUT (FITNESS_PLAN_ID,WORKOUT_ID) values (4,15);
Insert into ADOYLE.FITNESS_PLAN_WORKOUT (FITNESS_PLAN_ID,WORKOUT_ID) values (5,2);
Insert into ADOYLE.FITNESS_PLAN_WORKOUT (FITNESS_PLAN_ID,WORKOUT_ID) values (5,3);
Insert into ADOYLE.FITNESS_PLAN_WORKOUT (FITNESS_PLAN_ID,WORKOUT_ID) values (5,4);
Insert into ADOYLE.FITNESS_PLAN_WORKOUT (FITNESS_PLAN_ID,WORKOUT_ID) values (5,5);
Insert into ADOYLE.FITNESS_PLAN_WORKOUT (FITNESS_PLAN_ID,WORKOUT_ID) values (5,12);
Insert into ADOYLE.FITNESS_PLAN_WORKOUT (FITNESS_PLAN_ID,WORKOUT_ID) values (5,13);
Insert into ADOYLE.FITNESS_PLAN_WORKOUT (FITNESS_PLAN_ID,WORKOUT_ID) values (6,1);
Insert into ADOYLE.FITNESS_PLAN_WORKOUT (FITNESS_PLAN_ID,WORKOUT_ID) values (6,2);
Insert into ADOYLE.FITNESS_PLAN_WORKOUT (FITNESS_PLAN_ID,WORKOUT_ID) values (6,3);
Insert into ADOYLE.FITNESS_PLAN_WORKOUT (FITNESS_PLAN_ID,WORKOUT_ID) values (6,6);
Insert into ADOYLE.FITNESS_PLAN_WORKOUT (FITNESS_PLAN_ID,WORKOUT_ID) values (6,7);
Insert into ADOYLE.FITNESS_PLAN_WORKOUT (FITNESS_PLAN_ID,WORKOUT_ID) values (6,8);
Insert into ADOYLE.FITNESS_PLAN_WORKOUT (FITNESS_PLAN_ID,WORKOUT_ID) values (6,9);
Insert into ADOYLE.FITNESS_PLAN_WORKOUT (FITNESS_PLAN_ID,WORKOUT_ID) values (6,10);
Insert into ADOYLE.FITNESS_PLAN_WORKOUT (FITNESS_PLAN_ID,WORKOUT_ID) values (6,11);
Insert into ADOYLE.FITNESS_PLAN_WORKOUT (FITNESS_PLAN_ID,WORKOUT_ID) values (6,14);
Insert into ADOYLE.FITNESS_PLAN_WORKOUT (FITNESS_PLAN_ID,WORKOUT_ID) values (6,15);
REM INSERTING into ADOYLE.MANAGER
SET DEFINE OFF;
Insert into ADOYLE.MANAGER (MANAGER_ID,MANAGER_NAME,MANAGER_DESCRIPTION,SALARY) values (1,'Alex Ferguson','First Team Manager',170000);
Insert into ADOYLE.MANAGER (MANAGER_ID,MANAGER_NAME,MANAGER_DESCRIPTION,SALARY) values (2,'Warren Joyce','Under 21s Manager',10000);
Insert into ADOYLE.MANAGER (MANAGER_ID,MANAGER_NAME,MANAGER_DESCRIPTION,SALARY) values (3,'Paul McGuiness','Under 18s Manager',7500);
Insert into ADOYLE.MANAGER (MANAGER_ID,MANAGER_NAME,MANAGER_DESCRIPTION,SALARY) values (4,'Warren Joyce','Reserve Team Manager',20000);
REM INSERTING into ADOYLE.MEAL_PLAN
SET DEFINE OFF;
Insert into ADOYLE.MEAL_PLAN (MEAL_PLAN_ID,MEAL_PLAN_NAME) values (1,'Day before/pre/post match and recovery  meal plan');
Insert into ADOYLE.MEAL_PLAN (MEAL_PLAN_ID,MEAL_PLAN_NAME) values (3,'Injury Meal 1');
Insert into ADOYLE.MEAL_PLAN (MEAL_PLAN_ID,MEAL_PLAN_NAME) values (4,'Injury Meal 2');
Insert into ADOYLE.MEAL_PLAN (MEAL_PLAN_ID,MEAL_PLAN_NAME) values (5,'Injury Meal 3');
Insert into ADOYLE.MEAL_PLAN (MEAL_PLAN_ID,MEAL_PLAN_NAME) values (7,'Weight-loss Meal A');
Insert into ADOYLE.MEAL_PLAN (MEAL_PLAN_ID,MEAL_PLAN_NAME) values (8,'Weight-loss Meal B');
Insert into ADOYLE.MEAL_PLAN (MEAL_PLAN_ID,MEAL_PLAN_NAME) values (9,'Strength-gain Meal A');
Insert into ADOYLE.MEAL_PLAN (MEAL_PLAN_ID,MEAL_PLAN_NAME) values (10,'Strength-gain Meal B');
Insert into ADOYLE.MEAL_PLAN (MEAL_PLAN_ID,MEAL_PLAN_NAME) values (11,'Fat-gain Chinese Meal');
Insert into ADOYLE.MEAL_PLAN (MEAL_PLAN_ID,MEAL_PLAN_NAME) values (12,'Fat-gain Sweets Meal');
REM INSERTING into ADOYLE.SKILL
SET DEFINE OFF;
Insert into ADOYLE.SKILL (SKILL_ID,SKILL_NAME) values (1,'Defending');
Insert into ADOYLE.SKILL (SKILL_ID,SKILL_NAME) values (2,'Attacking');
Insert into ADOYLE.SKILL (SKILL_ID,SKILL_NAME) values (3,'Long-Ball');
Insert into ADOYLE.SKILL (SKILL_ID,SKILL_NAME) values (4,'Set-Pieces');
Insert into ADOYLE.SKILL (SKILL_ID,SKILL_NAME) values (5,'Dribbling');
Insert into ADOYLE.SKILL (SKILL_ID,SKILL_NAME) values (6,'Ten vs Eleven');
REM INSERTING into ADOYLE.SPORTS_SCIENCE
SET DEFINE OFF;
Insert into ADOYLE.SPORTS_SCIENCE (SPORTS_SCIENTIST_ID,SPORTS_SCIENTIST_NAME,ROLE,SALARY) values (1,'Mark Ellison','Performance Nutritionist',1900);
Insert into ADOYLE.SPORTS_SCIENCE (SPORTS_SCIENTIST_ID,SPORTS_SCIENTIST_NAME,ROLE,SALARY) values (2,'David Kelly','Senior Sports Scientist',3000);
Insert into ADOYLE.SPORTS_SCIENCE (SPORTS_SCIENTIST_ID,SPORTS_SCIENTIST_NAME,ROLE,SALARY) values (3,'Chris Thomas','Strength and Conditioning Scientist',2000);
Insert into ADOYLE.SPORTS_SCIENCE (SPORTS_SCIENTIST_ID,SPORTS_SCIENTIST_NAME,ROLE,SALARY) values (4,'Steve McNally','Head of Sports Medicine and Science',4000);
REM INSERTING into ADOYLE.TEAM
SET DEFINE OFF;
Insert into ADOYLE.TEAM (TEAM_ID,TEAM_NAME) values (1,'First_Team');
Insert into ADOYLE.TEAM (TEAM_ID,TEAM_NAME) values (2,'Under_21s');
Insert into ADOYLE.TEAM (TEAM_ID,TEAM_NAME) values (3,'Under_18s');
Insert into ADOYLE.TEAM (TEAM_ID,TEAM_NAME) values (4,'Reserve_Team');
REM INSERTING into ADOYLE.TRAINING_SESSION
SET DEFINE OFF;
Insert into ADOYLE.TRAINING_SESSION (TRAINING_SESSION_ID,TRAINING_SESSION_NAME,MANAGER_ID) values (1,'First Team vs Bench',1);
Insert into ADOYLE.TRAINING_SESSION (TRAINING_SESSION_ID,TRAINING_SESSION_NAME,MANAGER_ID) values (2,'Man down',1);
Insert into ADOYLE.TRAINING_SESSION (TRAINING_SESSION_ID,TRAINING_SESSION_NAME,MANAGER_ID) values (3,'Five a side',1);
Insert into ADOYLE.TRAINING_SESSION (TRAINING_SESSION_ID,TRAINING_SESSION_NAME,MANAGER_ID) values (4,'Keep Ball',1);
Insert into ADOYLE.TRAINING_SESSION (TRAINING_SESSION_ID,TRAINING_SESSION_NAME,MANAGER_ID) values (5,'5 minutes to win',null);
Insert into ADOYLE.TRAINING_SESSION (TRAINING_SESSION_ID,TRAINING_SESSION_NAME,MANAGER_ID) values (6,'Two touch',null);
REM INSERTING into ADOYLE.TRAINING_SESSION_COACHES
SET DEFINE OFF;
Insert into ADOYLE.TRAINING_SESSION_COACHES (TRAINING_SESSION_ID,COACH_ID) values (1,1);
Insert into ADOYLE.TRAINING_SESSION_COACHES (TRAINING_SESSION_ID,COACH_ID) values (1,3);
Insert into ADOYLE.TRAINING_SESSION_COACHES (TRAINING_SESSION_ID,COACH_ID) values (1,4);
Insert into ADOYLE.TRAINING_SESSION_COACHES (TRAINING_SESSION_ID,COACH_ID) values (1,5);
Insert into ADOYLE.TRAINING_SESSION_COACHES (TRAINING_SESSION_ID,COACH_ID) values (2,1);
Insert into ADOYLE.TRAINING_SESSION_COACHES (TRAINING_SESSION_ID,COACH_ID) values (2,4);
Insert into ADOYLE.TRAINING_SESSION_COACHES (TRAINING_SESSION_ID,COACH_ID) values (2,5);
Insert into ADOYLE.TRAINING_SESSION_COACHES (TRAINING_SESSION_ID,COACH_ID) values (3,3);
Insert into ADOYLE.TRAINING_SESSION_COACHES (TRAINING_SESSION_ID,COACH_ID) values (3,4);
Insert into ADOYLE.TRAINING_SESSION_COACHES (TRAINING_SESSION_ID,COACH_ID) values (3,5);
Insert into ADOYLE.TRAINING_SESSION_COACHES (TRAINING_SESSION_ID,COACH_ID) values (5,5);
Insert into ADOYLE.TRAINING_SESSION_COACHES (TRAINING_SESSION_ID,COACH_ID) values (6,5);
REM INSERTING into ADOYLE.TRAINING_SESSION_SKILL
SET DEFINE OFF;
Insert into ADOYLE.TRAINING_SESSION_SKILL (TRAINING_SESSION_ID,SKILL_ID) values (1,1);
Insert into ADOYLE.TRAINING_SESSION_SKILL (TRAINING_SESSION_ID,SKILL_ID) values (1,2);
Insert into ADOYLE.TRAINING_SESSION_SKILL (TRAINING_SESSION_ID,SKILL_ID) values (1,4);
Insert into ADOYLE.TRAINING_SESSION_SKILL (TRAINING_SESSION_ID,SKILL_ID) values (2,1);
Insert into ADOYLE.TRAINING_SESSION_SKILL (TRAINING_SESSION_ID,SKILL_ID) values (2,2);
Insert into ADOYLE.TRAINING_SESSION_SKILL (TRAINING_SESSION_ID,SKILL_ID) values (2,6);
Insert into ADOYLE.TRAINING_SESSION_SKILL (TRAINING_SESSION_ID,SKILL_ID) values (3,5);
Insert into ADOYLE.TRAINING_SESSION_SKILL (TRAINING_SESSION_ID,SKILL_ID) values (4,1);
Insert into ADOYLE.TRAINING_SESSION_SKILL (TRAINING_SESSION_ID,SKILL_ID) values (4,5);
Insert into ADOYLE.TRAINING_SESSION_SKILL (TRAINING_SESSION_ID,SKILL_ID) values (5,1);
Insert into ADOYLE.TRAINING_SESSION_SKILL (TRAINING_SESSION_ID,SKILL_ID) values (5,2);
Insert into ADOYLE.TRAINING_SESSION_SKILL (TRAINING_SESSION_ID,SKILL_ID) values (6,2);
REM INSERTING into ADOYLE.WORKOUT
SET DEFINE OFF;
Insert into ADOYLE.WORKOUT (WORKOUT_ID,WORKOUT_NAME) values (1,'Nine Mile Run');
Insert into ADOYLE.WORKOUT (WORKOUT_ID,WORKOUT_NAME) values (2,'Swimming');
Insert into ADOYLE.WORKOUT (WORKOUT_ID,WORKOUT_NAME) values (3,'Cycling');
Insert into ADOYLE.WORKOUT (WORKOUT_ID,WORKOUT_NAME) values (4,'Light running');
Insert into ADOYLE.WORKOUT (WORKOUT_ID,WORKOUT_NAME) values (5,'Walk');
Insert into ADOYLE.WORKOUT (WORKOUT_ID,WORKOUT_NAME) values (6,'Prowler ');
Insert into ADOYLE.WORKOUT (WORKOUT_ID,WORKOUT_NAME) values (7,'Sprints');
Insert into ADOYLE.WORKOUT (WORKOUT_ID,WORKOUT_NAME) values (8,'Circuit Training 1');
Insert into ADOYLE.WORKOUT (WORKOUT_ID,WORKOUT_NAME) values (9,'Weight Training 1');
Insert into ADOYLE.WORKOUT (WORKOUT_ID,WORKOUT_NAME) values (10,'Circuit Training 2');
Insert into ADOYLE.WORKOUT (WORKOUT_ID,WORKOUT_NAME) values (11,'Weight Training 2');
Insert into ADOYLE.WORKOUT (WORKOUT_ID,WORKOUT_NAME) values (12,'Yoga 1');
Insert into ADOYLE.WORKOUT (WORKOUT_ID,WORKOUT_NAME) values (13,'Yoga 2');
Insert into ADOYLE.WORKOUT (WORKOUT_ID,WORKOUT_NAME) values (14,'Burpees');
Insert into ADOYLE.WORKOUT (WORKOUT_ID,WORKOUT_NAME) values (15,'Kettlebells');
Insert into ADOYLE.WORKOUT (WORKOUT_ID,WORKOUT_NAME) values (16,'Gymnastics');
--------------------------------------------------------
--  Constraints for Table WORKOUT
--------------------------------------------------------

  ALTER TABLE "ADOYLE"."WORKOUT" ADD PRIMARY KEY ("WORKOUT_ID")
  USING INDEX PCTFREE 10 INITRANS 2 MAXTRANS 255 COMPUTE STATISTICS 
  STORAGE(INITIAL 65536 NEXT 1048576 MINEXTENTS 1 MAXEXTENTS 2147483645
  PCTINCREASE 0 FREELISTS 1 FREELIST GROUPS 1 BUFFER_POOL DEFAULT FLASH_CACHE DEFAULT CELL_FLASH_CACHE DEFAULT)
  TABLESPACE "SYSTEM"  ENABLE;
  ALTER TABLE "ADOYLE"."WORKOUT" MODIFY ("WORKOUT_ID" NOT NULL ENABLE);
--------------------------------------------------------
--  Constraints for Table COACHES
--------------------------------------------------------

  ALTER TABLE "ADOYLE"."COACHES" ADD PRIMARY KEY ("COACH_ID")
  USING INDEX PCTFREE 10 INITRANS 2 MAXTRANS 255 COMPUTE STATISTICS 
  STORAGE(INITIAL 65536 NEXT 1048576 MINEXTENTS 1 MAXEXTENTS 2147483645
  PCTINCREASE 0 FREELISTS 1 FREELIST GROUPS 1 BUFFER_POOL DEFAULT FLASH_CACHE DEFAULT CELL_FLASH_CACHE DEFAULT)
  TABLESPACE "SYSTEM"  ENABLE;
  ALTER TABLE "ADOYLE"."COACHES" MODIFY ("COACH_ID" NOT NULL ENABLE);
--------------------------------------------------------
--  Constraints for Table TRAINING_SESSION_COACHES
--------------------------------------------------------

  ALTER TABLE "ADOYLE"."TRAINING_SESSION_COACHES" ADD PRIMARY KEY ("TRAINING_SESSION_ID", "COACH_ID")
  USING INDEX PCTFREE 10 INITRANS 2 MAXTRANS 255 COMPUTE STATISTICS 
  STORAGE(INITIAL 65536 NEXT 1048576 MINEXTENTS 1 MAXEXTENTS 2147483645
  PCTINCREASE 0 FREELISTS 1 FREELIST GROUPS 1 BUFFER_POOL DEFAULT FLASH_CACHE DEFAULT CELL_FLASH_CACHE DEFAULT)
  TABLESPACE "SYSTEM"  ENABLE;
  ALTER TABLE "ADOYLE"."TRAINING_SESSION_COACHES" MODIFY ("TRAINING_SESSION_ID" NOT NULL ENABLE);
--------------------------------------------------------
--  Constraints for Table FITNESS_PLAN_WORKOUT
--------------------------------------------------------

  ALTER TABLE "ADOYLE"."FITNESS_PLAN_WORKOUT" ADD PRIMARY KEY ("FITNESS_PLAN_ID", "WORKOUT_ID")
  USING INDEX PCTFREE 10 INITRANS 2 MAXTRANS 255 COMPUTE STATISTICS 
  STORAGE(INITIAL 65536 NEXT 1048576 MINEXTENTS 1 MAXEXTENTS 2147483645
  PCTINCREASE 0 FREELISTS 1 FREELIST GROUPS 1 BUFFER_POOL DEFAULT FLASH_CACHE DEFAULT CELL_FLASH_CACHE DEFAULT)
  TABLESPACE "SYSTEM"  ENABLE;
  ALTER TABLE "ADOYLE"."FITNESS_PLAN_WORKOUT" MODIFY ("WORKOUT_ID" NOT NULL ENABLE);
  ALTER TABLE "ADOYLE"."FITNESS_PLAN_WORKOUT" MODIFY ("FITNESS_PLAN_ID" NOT NULL ENABLE);
--------------------------------------------------------
--  Constraints for Table ATHLETE_MEAL
--------------------------------------------------------

  ALTER TABLE "ADOYLE"."ATHLETE_MEAL" ADD PRIMARY KEY ("ATHLETE_ID", "MEAL_PLAN_ID")
  USING INDEX PCTFREE 10 INITRANS 2 MAXTRANS 255 COMPUTE STATISTICS 
  STORAGE(INITIAL 65536 NEXT 1048576 MINEXTENTS 1 MAXEXTENTS 2147483645
  PCTINCREASE 0 FREELISTS 1 FREELIST GROUPS 1 BUFFER_POOL DEFAULT FLASH_CACHE DEFAULT CELL_FLASH_CACHE DEFAULT)
  TABLESPACE "SYSTEM"  ENABLE;
  ALTER TABLE "ADOYLE"."ATHLETE_MEAL" MODIFY ("MEAL_PLAN_ID" NOT NULL ENABLE);
  ALTER TABLE "ADOYLE"."ATHLETE_MEAL" MODIFY ("ATHLETE_ID" NOT NULL ENABLE);
--------------------------------------------------------
--  Constraints for Table FITNESS_PLAN
--------------------------------------------------------

  ALTER TABLE "ADOYLE"."FITNESS_PLAN" ADD PRIMARY KEY ("FITNESS_PLAN_ID")
  USING INDEX PCTFREE 10 INITRANS 2 MAXTRANS 255 COMPUTE STATISTICS 
  STORAGE(INITIAL 65536 NEXT 1048576 MINEXTENTS 1 MAXEXTENTS 2147483645
  PCTINCREASE 0 FREELISTS 1 FREELIST GROUPS 1 BUFFER_POOL DEFAULT FLASH_CACHE DEFAULT CELL_FLASH_CACHE DEFAULT)
  TABLESPACE "SYSTEM"  ENABLE;
  ALTER TABLE "ADOYLE"."FITNESS_PLAN" MODIFY ("FITNESS_PLAN_ID" NOT NULL ENABLE);
--------------------------------------------------------
--  Constraints for Table ATHLETE
--------------------------------------------------------

  ALTER TABLE "ADOYLE"."ATHLETE" ADD PRIMARY KEY ("ATHLETE_ID")
  USING INDEX PCTFREE 10 INITRANS 2 MAXTRANS 255 COMPUTE STATISTICS 
  STORAGE(INITIAL 65536 NEXT 1048576 MINEXTENTS 1 MAXEXTENTS 2147483645
  PCTINCREASE 0 FREELISTS 1 FREELIST GROUPS 1 BUFFER_POOL DEFAULT FLASH_CACHE DEFAULT CELL_FLASH_CACHE DEFAULT)
  TABLESPACE "SYSTEM"  ENABLE;
  ALTER TABLE "ADOYLE"."ATHLETE" MODIFY ("ATHLETE_ID" NOT NULL ENABLE);
--------------------------------------------------------
--  Constraints for Table TRAINING_SESSION
--------------------------------------------------------

  ALTER TABLE "ADOYLE"."TRAINING_SESSION" ADD PRIMARY KEY ("TRAINING_SESSION_ID")
  USING INDEX PCTFREE 10 INITRANS 2 MAXTRANS 255 COMPUTE STATISTICS 
  STORAGE(INITIAL 65536 NEXT 1048576 MINEXTENTS 1 MAXEXTENTS 2147483645
  PCTINCREASE 0 FREELISTS 1 FREELIST GROUPS 1 BUFFER_POOL DEFAULT FLASH_CACHE DEFAULT CELL_FLASH_CACHE DEFAULT)
  TABLESPACE "SYSTEM"  ENABLE;
  ALTER TABLE "ADOYLE"."TRAINING_SESSION" MODIFY ("TRAINING_SESSION_ID" NOT NULL ENABLE);
--------------------------------------------------------
--  Constraints for Table DIET_MEAL
--------------------------------------------------------

  ALTER TABLE "ADOYLE"."DIET_MEAL" ADD PRIMARY KEY ("DIET_ID", "MEAL_PLAN_ID")
  USING INDEX PCTFREE 10 INITRANS 2 MAXTRANS 255 COMPUTE STATISTICS 
  STORAGE(INITIAL 65536 NEXT 1048576 MINEXTENTS 1 MAXEXTENTS 2147483645
  PCTINCREASE 0 FREELISTS 1 FREELIST GROUPS 1 BUFFER_POOL DEFAULT FLASH_CACHE DEFAULT CELL_FLASH_CACHE DEFAULT)
  TABLESPACE "SYSTEM"  ENABLE;
  ALTER TABLE "ADOYLE"."DIET_MEAL" MODIFY ("MEAL_PLAN_ID" NOT NULL ENABLE);
  ALTER TABLE "ADOYLE"."DIET_MEAL" MODIFY ("DIET_ID" NOT NULL ENABLE);
--------------------------------------------------------
--  Constraints for Table FITNESS_COACH
--------------------------------------------------------

  ALTER TABLE "ADOYLE"."FITNESS_COACH" ADD PRIMARY KEY ("FITNESS_COACH_ID")
  USING INDEX PCTFREE 10 INITRANS 2 MAXTRANS 255 COMPUTE STATISTICS 
  STORAGE(INITIAL 65536 NEXT 1048576 MINEXTENTS 1 MAXEXTENTS 2147483645
  PCTINCREASE 0 FREELISTS 1 FREELIST GROUPS 1 BUFFER_POOL DEFAULT FLASH_CACHE DEFAULT CELL_FLASH_CACHE DEFAULT)
  TABLESPACE "SYSTEM"  ENABLE;
  ALTER TABLE "ADOYLE"."FITNESS_COACH" MODIFY ("FITNESS_COACH_ID" NOT NULL ENABLE);
--------------------------------------------------------
--  Constraints for Table SPORTS_SCIENCE
--------------------------------------------------------

  ALTER TABLE "ADOYLE"."SPORTS_SCIENCE" ADD PRIMARY KEY ("SPORTS_SCIENTIST_ID")
  USING INDEX PCTFREE 10 INITRANS 2 MAXTRANS 255 COMPUTE STATISTICS 
  STORAGE(INITIAL 65536 NEXT 1048576 MINEXTENTS 1 MAXEXTENTS 2147483645
  PCTINCREASE 0 FREELISTS 1 FREELIST GROUPS 1 BUFFER_POOL DEFAULT FLASH_CACHE DEFAULT CELL_FLASH_CACHE DEFAULT)
  TABLESPACE "SYSTEM"  ENABLE;
  ALTER TABLE "ADOYLE"."SPORTS_SCIENCE" MODIFY ("SPORTS_SCIENTIST_ID" NOT NULL ENABLE);
--------------------------------------------------------
--  Constraints for Table ATHLETE_WORKOUT
--------------------------------------------------------

  ALTER TABLE "ADOYLE"."ATHLETE_WORKOUT" ADD PRIMARY KEY ("ATHLETE_ID", "WORKOUT_ID")
  USING INDEX PCTFREE 10 INITRANS 2 MAXTRANS 255 COMPUTE STATISTICS 
  STORAGE(INITIAL 65536 NEXT 1048576 MINEXTENTS 1 MAXEXTENTS 2147483645
  PCTINCREASE 0 FREELISTS 1 FREELIST GROUPS 1 BUFFER_POOL DEFAULT FLASH_CACHE DEFAULT CELL_FLASH_CACHE DEFAULT)
  TABLESPACE "SYSTEM"  ENABLE;
  ALTER TABLE "ADOYLE"."ATHLETE_WORKOUT" MODIFY ("WORKOUT_ID" NOT NULL ENABLE);
  ALTER TABLE "ADOYLE"."ATHLETE_WORKOUT" MODIFY ("ATHLETE_ID" NOT NULL ENABLE);
--------------------------------------------------------
--  Constraints for Table SKILL
--------------------------------------------------------

  ALTER TABLE "ADOYLE"."SKILL" ADD PRIMARY KEY ("SKILL_ID")
  USING INDEX PCTFREE 10 INITRANS 2 MAXTRANS 255 COMPUTE STATISTICS 
  STORAGE(INITIAL 65536 NEXT 1048576 MINEXTENTS 1 MAXEXTENTS 2147483645
  PCTINCREASE 0 FREELISTS 1 FREELIST GROUPS 1 BUFFER_POOL DEFAULT FLASH_CACHE DEFAULT CELL_FLASH_CACHE DEFAULT)
  TABLESPACE "SYSTEM"  ENABLE;
  ALTER TABLE "ADOYLE"."SKILL" MODIFY ("SKILL_ID" NOT NULL ENABLE);
--------------------------------------------------------
--  Constraints for Table TEAM
--------------------------------------------------------

  ALTER TABLE "ADOYLE"."TEAM" ADD PRIMARY KEY ("TEAM_ID")
  USING INDEX PCTFREE 10 INITRANS 2 MAXTRANS 255 COMPUTE STATISTICS 
  STORAGE(INITIAL 65536 NEXT 1048576 MINEXTENTS 1 MAXEXTENTS 2147483645
  PCTINCREASE 0 FREELISTS 1 FREELIST GROUPS 1 BUFFER_POOL DEFAULT FLASH_CACHE DEFAULT CELL_FLASH_CACHE DEFAULT)
  TABLESPACE "SYSTEM"  ENABLE;
  ALTER TABLE "ADOYLE"."TEAM" MODIFY ("TEAM_ID" NOT NULL ENABLE);
--------------------------------------------------------
--  Constraints for Table MEAL_PLAN
--------------------------------------------------------

  ALTER TABLE "ADOYLE"."MEAL_PLAN" ADD PRIMARY KEY ("MEAL_PLAN_ID")
  USING INDEX PCTFREE 10 INITRANS 2 MAXTRANS 255 COMPUTE STATISTICS 
  STORAGE(INITIAL 65536 NEXT 1048576 MINEXTENTS 1 MAXEXTENTS 2147483645
  PCTINCREASE 0 FREELISTS 1 FREELIST GROUPS 1 BUFFER_POOL DEFAULT FLASH_CACHE DEFAULT CELL_FLASH_CACHE DEFAULT)
  TABLESPACE "SYSTEM"  ENABLE;
  ALTER TABLE "ADOYLE"."MEAL_PLAN" MODIFY ("MEAL_PLAN_ID" NOT NULL ENABLE);
--------------------------------------------------------
--  Constraints for Table TRAINING_SESSION_SKILL
--------------------------------------------------------

  ALTER TABLE "ADOYLE"."TRAINING_SESSION_SKILL" ADD PRIMARY KEY ("TRAINING_SESSION_ID", "SKILL_ID")
  USING INDEX PCTFREE 10 INITRANS 2 MAXTRANS 255 COMPUTE STATISTICS 
  STORAGE(INITIAL 65536 NEXT 1048576 MINEXTENTS 1 MAXEXTENTS 2147483645
  PCTINCREASE 0 FREELISTS 1 FREELIST GROUPS 1 BUFFER_POOL DEFAULT FLASH_CACHE DEFAULT CELL_FLASH_CACHE DEFAULT)
  TABLESPACE "SYSTEM"  ENABLE;
  ALTER TABLE "ADOYLE"."TRAINING_SESSION_SKILL" MODIFY ("SKILL_ID" NOT NULL ENABLE);
  ALTER TABLE "ADOYLE"."TRAINING_SESSION_SKILL" MODIFY ("TRAINING_SESSION_ID" NOT NULL ENABLE);
--------------------------------------------------------
--  Constraints for Table DIET
--------------------------------------------------------

  ALTER TABLE "ADOYLE"."DIET" ADD PRIMARY KEY ("DIET_ID")
  USING INDEX PCTFREE 10 INITRANS 2 MAXTRANS 255 COMPUTE STATISTICS 
  STORAGE(INITIAL 65536 NEXT 1048576 MINEXTENTS 1 MAXEXTENTS 2147483645
  PCTINCREASE 0 FREELISTS 1 FREELIST GROUPS 1 BUFFER_POOL DEFAULT FLASH_CACHE DEFAULT CELL_FLASH_CACHE DEFAULT)
  TABLESPACE "SYSTEM"  ENABLE;
  ALTER TABLE "ADOYLE"."DIET" MODIFY ("DIET_ID" NOT NULL ENABLE);
--------------------------------------------------------
--  Constraints for Table MANAGER
--------------------------------------------------------

  ALTER TABLE "ADOYLE"."MANAGER" ADD PRIMARY KEY ("MANAGER_ID")
  USING INDEX PCTFREE 10 INITRANS 2 MAXTRANS 255 COMPUTE STATISTICS 
  STORAGE(INITIAL 65536 NEXT 1048576 MINEXTENTS 1 MAXEXTENTS 2147483645
  PCTINCREASE 0 FREELISTS 1 FREELIST GROUPS 1 BUFFER_POOL DEFAULT FLASH_CACHE DEFAULT CELL_FLASH_CACHE DEFAULT)
  TABLESPACE "SYSTEM"  ENABLE;
  ALTER TABLE "ADOYLE"."MANAGER" MODIFY ("MANAGER_ID" NOT NULL ENABLE);
--------------------------------------------------------
--  Constraints for Table COACHES_SKILL
--------------------------------------------------------

  ALTER TABLE "ADOYLE"."COACHES_SKILL" ADD PRIMARY KEY ("COACH_ID", "SKILL_ID")
  USING INDEX PCTFREE 10 INITRANS 2 MAXTRANS 255 COMPUTE STATISTICS 
  STORAGE(INITIAL 65536 NEXT 1048576 MINEXTENTS 1 MAXEXTENTS 2147483645
  PCTINCREASE 0 FREELISTS 1 FREELIST GROUPS 1 BUFFER_POOL DEFAULT FLASH_CACHE DEFAULT CELL_FLASH_CACHE DEFAULT)
  TABLESPACE "SYSTEM"  ENABLE;
  ALTER TABLE "ADOYLE"."COACHES_SKILL" MODIFY ("SKILL_ID" NOT NULL ENABLE);
  ALTER TABLE "ADOYLE"."COACHES_SKILL" MODIFY ("COACH_ID" NOT NULL ENABLE);
--------------------------------------------------------
--  Ref Constraints for Table ATHLETE
--------------------------------------------------------

  ALTER TABLE "ADOYLE"."ATHLETE" ADD CONSTRAINT "CONSTRAINT1" FOREIGN KEY ("TEAM_ID")
	  REFERENCES "ADOYLE"."TEAM" ("TEAM_ID") ENABLE;
  ALTER TABLE "ADOYLE"."ATHLETE" ADD CONSTRAINT "CONSTRAINT1A" FOREIGN KEY ("MANAGER_ID")
	  REFERENCES "ADOYLE"."MANAGER" ("MANAGER_ID") ENABLE;
--------------------------------------------------------
--  Ref Constraints for Table ATHLETE_MEAL
--------------------------------------------------------

  ALTER TABLE "ADOYLE"."ATHLETE_MEAL" ADD CONSTRAINT "CONSTRAINT1B" FOREIGN KEY ("ATHLETE_ID")
	  REFERENCES "ADOYLE"."ATHLETE" ("ATHLETE_ID") ENABLE;
  ALTER TABLE "ADOYLE"."ATHLETE_MEAL" ADD CONSTRAINT "CONSTRAINT1C" FOREIGN KEY ("MEAL_PLAN_ID")
	  REFERENCES "ADOYLE"."MEAL_PLAN" ("MEAL_PLAN_ID") ENABLE;
--------------------------------------------------------
--  Ref Constraints for Table ATHLETE_WORKOUT
--------------------------------------------------------

  ALTER TABLE "ADOYLE"."ATHLETE_WORKOUT" ADD CONSTRAINT "CONSTRAINT1D" FOREIGN KEY ("ATHLETE_ID")
	  REFERENCES "ADOYLE"."ATHLETE" ("ATHLETE_ID") ENABLE;
  ALTER TABLE "ADOYLE"."ATHLETE_WORKOUT" ADD CONSTRAINT "CONSTRAINT1E" FOREIGN KEY ("WORKOUT_ID")
	  REFERENCES "ADOYLE"."WORKOUT" ("WORKOUT_ID") ENABLE;
--------------------------------------------------------
--  Ref Constraints for Table COACHES_SKILL
--------------------------------------------------------

  ALTER TABLE "ADOYLE"."COACHES_SKILL" ADD CONSTRAINT "CONSTRAINT1F" FOREIGN KEY ("COACH_ID")
	  REFERENCES "ADOYLE"."COACHES" ("COACH_ID") ENABLE;
  ALTER TABLE "ADOYLE"."COACHES_SKILL" ADD CONSTRAINT "CONSTRAINT1G" FOREIGN KEY ("SKILL_ID")
	  REFERENCES "ADOYLE"."SKILL" ("SKILL_ID") ENABLE;
--------------------------------------------------------
--  Ref Constraints for Table DIET
--------------------------------------------------------

  ALTER TABLE "ADOYLE"."DIET" ADD CONSTRAINT "CONSTRAINT1H" FOREIGN KEY ("SPORTS_SCIENTIST_ID")
	  REFERENCES "ADOYLE"."SPORTS_SCIENCE" ("SPORTS_SCIENTIST_ID") ENABLE;
--------------------------------------------------------
--  Ref Constraints for Table DIET_MEAL
--------------------------------------------------------

  ALTER TABLE "ADOYLE"."DIET_MEAL" ADD CONSTRAINT "CONSTRAINT1I" FOREIGN KEY ("DIET_ID")
	  REFERENCES "ADOYLE"."DIET" ("DIET_ID") ENABLE;
  ALTER TABLE "ADOYLE"."DIET_MEAL" ADD CONSTRAINT "CONSTRAINT1J" FOREIGN KEY ("MEAL_PLAN_ID")
	  REFERENCES "ADOYLE"."MEAL_PLAN" ("MEAL_PLAN_ID") ENABLE;
--------------------------------------------------------
--  Ref Constraints for Table FITNESS_PLAN
--------------------------------------------------------

  ALTER TABLE "ADOYLE"."FITNESS_PLAN" ADD CONSTRAINT "CONSTRAINT1K" FOREIGN KEY ("FITNESS_COACH_ID")
	  REFERENCES "ADOYLE"."FITNESS_COACH" ("FITNESS_COACH_ID") ENABLE;
  ALTER TABLE "ADOYLE"."FITNESS_PLAN" ADD CONSTRAINT "CONSTRAINT1L" FOREIGN KEY ("SPORTS_SCIENTIST_ID")
	  REFERENCES "ADOYLE"."SPORTS_SCIENCE" ("SPORTS_SCIENTIST_ID") ENABLE;
--------------------------------------------------------
--  Ref Constraints for Table FITNESS_PLAN_WORKOUT
--------------------------------------------------------

  ALTER TABLE "ADOYLE"."FITNESS_PLAN_WORKOUT" ADD CONSTRAINT "CONSTRAINT1M" FOREIGN KEY ("FITNESS_PLAN_ID")
	  REFERENCES "ADOYLE"."FITNESS_PLAN" ("FITNESS_PLAN_ID") ENABLE;
  ALTER TABLE "ADOYLE"."FITNESS_PLAN_WORKOUT" ADD CONSTRAINT "CONSTRAINT1N" FOREIGN KEY ("WORKOUT_ID")
	  REFERENCES "ADOYLE"."WORKOUT" ("WORKOUT_ID") ENABLE;
--------------------------------------------------------
--  Ref Constraints for Table TRAINING_SESSION
--------------------------------------------------------

  ALTER TABLE "ADOYLE"."TRAINING_SESSION" ADD CONSTRAINT "CONSTRAINT1O" FOREIGN KEY ("MANAGER_ID")
	  REFERENCES "ADOYLE"."MANAGER" ("MANAGER_ID") ENABLE;
--------------------------------------------------------
--  Ref Constraints for Table TRAINING_SESSION_COACHES
--------------------------------------------------------

  ALTER TABLE "ADOYLE"."TRAINING_SESSION_COACHES" ADD FOREIGN KEY ("COACH_ID")
	  REFERENCES "ADOYLE"."COACHES" ("COACH_ID") ENABLE;
--------------------------------------------------------
--  Ref Constraints for Table TRAINING_SESSION_SKILL
--------------------------------------------------------

  ALTER TABLE "ADOYLE"."TRAINING_SESSION_SKILL" ADD FOREIGN KEY ("TRAINING_SESSION_ID")
	  REFERENCES "ADOYLE"."TRAINING_SESSION" ("TRAINING_SESSION_ID") ENABLE;
  ALTER TABLE "ADOYLE"."TRAINING_SESSION_SKILL" ADD FOREIGN KEY ("SKILL_ID")
	  REFERENCES "ADOYLE"."SKILL" ("SKILL_ID") ENABLE;
--------------------------------------------------------
--  DDL for Trigger ATHLETE_INSERT
--------------------------------------------------------

  CREATE OR REPLACE TRIGGER "ADOYLE"."ATHLETE_INSERT" 
BEFORE INSERT ON athlete
FOR EACH ROW
	BEGIN
	:NEW.athlete_id:=a2.NEXTVAL;
END;
/
ALTER TRIGGER "ADOYLE"."ATHLETE_INSERT" ENABLE;
--------------------------------------------------------
--  DDL for Trigger TIME_TRIGGER
--------------------------------------------------------

  CREATE OR REPLACE TRIGGER "ADOYLE"."TIME_TRIGGER" 
BEFORE INSERT OR UPDATE OR DELETE ON skill
	DECLARE
	day_of_week VARCHAR2(10);
	BEGIN
	day_of_week := RTRIM(TO_CHAR(SYSDATE, 'DAY'));
	IF day_of_week LIKE ('S%') THEN
	RAISE_APPLICATION_ERROR
	(-20000, 'This table cannot be modified at the weekend');
	END IF;
END;
/
ALTER TRIGGER "ADOYLE"."TIME_TRIGGER" ENABLE;
--------------------------------------------------------
--  DDL for Trigger TRIGGER2
--------------------------------------------------------

  CREATE OR REPLACE TRIGGER "ADOYLE"."TRIGGER2" 
AFTER INSERT OR UPDATE ON athlete
FOR EACH ROW
BEGIN
	IF :NEW.salary > 250000 THEN
	dbms_output.put_line('This is a message from the club owners, the new employee, with an ID of: '
	|| :NEW.athlete_id || ' has a ridicolously high salary: ?' || :NEW.salary || ' It better be worthwhile or your getting fired!');
	END IF;
END;
/
ALTER TRIGGER "ADOYLE"."TRIGGER2" ENABLE;
--------------------------------------------------------
--  DDL for Function DOUBLENUMBER
--------------------------------------------------------

  CREATE OR REPLACE FUNCTION "ADOYLE"."DOUBLENUMBER" ( twice NUMBER)
RETURN NUMBER
IS
BEGIN
      DBMS_OUTPUT.PUT_LINE(twice *2);
RETURN 1;
END doublenumber;

/
--------------------------------------------------------
--  DDL for Function NR_TRAINING_SESSIONS
--------------------------------------------------------

  CREATE OR REPLACE FUNCTION "ADOYLE"."NR_TRAINING_SESSIONS" 
RETURN number IS
   total number(2) := 0;
BEGIN
   SELECT count(*) into total
   FROM training_session;

   RETURN total;
END;

/
--------------------------------------------------------
--  DDL for Function QUESTION5_LAB_4
--------------------------------------------------------

  CREATE OR REPLACE FUNCTION "ADOYLE"."QUESTION5_LAB_4" ( twice NUMBER)
RETURN NUMBER
IS
BEGIN
      RETURN twice *2;
END question5_lab_4;

/
--------------------------------------------------------
--  DDL for Function QUESTION6_LAB_4
--------------------------------------------------------

  CREATE OR REPLACE FUNCTION "ADOYLE"."QUESTION6_LAB_4" (input sys.odcinumberlist)
RETURN NUMBER
IS
Sumofnumbers NUMBER;
BEGIN
Sumofnumbers := 0;
FOR i IN input.FIRST..input.LAST LOOP
Sumofnumbers := Sumofnumbers + input(i);
END LOOP;
Sumofnumbers := Sumofnumbers - 1;
RETURN Sumofnumbers;
END question6_lab_4;

/
--------------------------------------------------------
--  DDL for Function SUMFIVENUMBERS
--------------------------------------------------------

  CREATE OR REPLACE FUNCTION "ADOYLE"."SUMFIVENUMBERS" (n sys.odcinumberlist)
RETURN NUMBER
IS
Sumnums NUMBER;
BEGIN
Sumnums := 0;
FOR i IN n.FIRST..n.LAST LOOP
Sumnums := Sumnums + n(i);
END LOOP;
Sumnums := Sumnums - 1;
RETURN Sumnums;
END sumfivenumbers;

/
--------------------------------------------------------
--  DDL for Package Q7_PACKAGE
--------------------------------------------------------

  CREATE OR REPLACE PACKAGE "ADOYLE"."Q7_PACKAGE" 	
AS
    FUNCTION q7_overloading ( n1 NUMBER, n2 NUMBER) RETURN NUMBER;
    FUNCTION q7_overloading ( n1 NUMBER, n2 NUMBER, n3 NUMBER) RETURN NUMBER;
    FUNCTION q7_overloading ( n1 NUMBER, n2 NUMBER, n3 NUMBER, n4 NUMBER) RETURN NUMBER;
    FUNCTION q7_overloading ( n1 NUMBER, n2 NUMBER, n3 NUMBER, n4 NUMBER, n5 NUMBER) RETURN NUMBER;
END;

/
--------------------------------------------------------
--  DDL for Package Body Q7_PACKAGE
--------------------------------------------------------

  CREATE OR REPLACE PACKAGE BODY "ADOYLE"."Q7_PACKAGE" 
AS
   FUNCTION q7_overloading ( n1 NUMBER, n2 NUMBER)
   RETURN NUMBER
   IS
       Sumofnumbers NUMBER;
   BEGIN
       SELECT SUM(n1+n2-1) INTO Sumofnumbers FROM DUAL;
       RETURN Sumofnumbers;
   END q7_overloading;

   FUNCTION q7_overloading ( n1 NUMBER, n2 NUMBER, n3 NUMBER)
   RETURN NUMBER
   IS
       Sumofnumbers NUMBER;
   BEGIN
       SELECT SUM(n1+n2+n3-1) INTO Sumofnumbers FROM DUAL;
       RETURN Sumofnumbers;
     END q7_overloading;

  FUNCTION q7_overloading ( n1 NUMBER, n2 NUMBER, n3 NUMBER, n4 NUMBER)
   RETURN NUMBER
   IS
       Sumofnumbers NUMBER;
   BEGIN
       SELECT SUM(n1+n2+n3+n4-1) INTO Sumofnumbers FROM DUAL;
       RETURN Sumofnumbers;
   END q7_overloading;

  FUNCTION q7_overloading ( n1 NUMBER, n2 NUMBER, n3 NUMBER, n4 NUMBER, n5 NUMBER)
   RETURN NUMBER
   IS
       Sumofnumbers NUMBER;
   BEGIN
       SELECT SUM(n1+n2+n3+n4+n5-1) INTO Sumofnumbers FROM DUAL;
       RETURN Sumofnumbers;
     END q7_overloading;

END;

/
--------------------------------------------------------
--  DDL for Procedure COUNT_DEFENDERS
--------------------------------------------------------
set define off;

  CREATE OR REPLACE PROCEDURE "ADOYLE"."COUNT_DEFENDERS" 
IS
	temp_count NUMBER;
	BEGIN
	SELECT count(*)
	INTO temp_count
	FROM athlete
	WHERE athlete_role = 'Defender';
	DBMS_OUTPUT.PUT_LINE( 'The number of defenders is: ' || temp_count);
	EXCEPTION
    WHEN OTHERS
    THEN
    DBMS_OUTPUT.PUT_LINE('Error in procedure, please examine');
END;

/
--------------------------------------------------------
--  DDL for Procedure DELETE_MEAL_PLAN
--------------------------------------------------------
set define off;

  CREATE OR REPLACE PROCEDURE "ADOYLE"."DELETE_MEAL_PLAN" (p_meal_plan_id IN NUMBER )
IS
BEGIN
    DELETE FROM meal_plan
	WHERE meal_plan_id = p_meal_plan_id;
    EXCEPTION
    WHEN value_error THEN DBMS_OUTPUT.PUT_LINE('TRY AGAIN! That is the wrong type of input!');
END;

/
--------------------------------------------------------
--  DDL for Procedure DIET_NAMES
--------------------------------------------------------
set define off;

  CREATE OR REPLACE PROCEDURE "ADOYLE"."DIET_NAMES" IS
CURSOR cursor_diets IS
	SELECT *
	FROM diet;
	implement_diets cursor_diets%ROWTYPE;

	BEGIN
	OPEN cursor_diets;
		LOOP
			FETCH cursor_diets INTO implement_diets;
			EXIT WHEN cursor_diets%NOTFOUND;
			DBMS_OUTPUT.put_line(implement_diets.diet_name);
		END LOOP;
	CLOSE cursor_diets;
END;

/
--------------------------------------------------------
--  DDL for Procedure DISCOUNT
--------------------------------------------------------
set define off;

  CREATE OR REPLACE PROCEDURE "ADOYLE"."DISCOUNT" 
AS
CURSOR c_group_discount
IS
SELECT distinct s.course_no, c.description
FROM section s, enrollment e, course c
WHERE s.section_id = e.section_id
AND c.course_no = s.course_no
GROUP BY s.course_no, c.description,
e.section_id, s.section_id
HAVING COUNT(*) >=8;
BEGIN
FOR r_group_discount IN c_group_discount
LOOP
UPDATE course
SET cost = cost * .95
WHERE course_no = r_group_discount.course_no;
DBMS_OUTPUT.PUT_LINE
('A 5% discount has been given to '||
r_group_discount.course_no||' '||
r_group_discount.description
);
END LOOP;
END;

/
--------------------------------------------------------
--  DDL for Procedure FIND_ATHLETE
--------------------------------------------------------
set define off;

  CREATE OR REPLACE PROCEDURE "ADOYLE"."FIND_ATHLETE" 
(p_athlete_id IN VARCHAR2,
o_athlete_name OUT VARCHAR2,
o_athlete_role OUT VARCHAR2,
o_transfer_cost OUT VARCHAR2,
o_market_value OUT VARCHAR2
)
AS
BEGIN
	SELECT athlete_name, athlete_role, transfer_cost, market_value
	INTO o_athlete_name,o_athlete_role, o_transfer_cost, o_market_value
	FROM athlete
	WHERE athlete_id = p_athlete_id;
	EXCEPTION
	WHEN OTHERS
	THEN
	DBMS_OUTPUT.PUT_LINE('Error in finding athlete id:
	'||p_athlete_id);
END find_athlete;

/
--------------------------------------------------------
--  DDL for Procedure HELLOPROC
--------------------------------------------------------
set define off;

  CREATE OR REPLACE PROCEDURE "ADOYLE"."HELLOPROC" (firstname IN NVARCHAR2, surname IN NVARCHAR2, len_out OUT NUMBER)
IS
	fullname NVARCHAR2(50);
BEGIN
	fullname := firstname || ' ' || surname;
	DBMS_OUTPUT.PUT_LINE('Hello'  || fullname);
        DBMS_OUTPUT.PUT_LINE (INITCAP (firstname)  || INITCAP (surname));
	len_out := LENGTH(fullname);
END HelloProc;

/
--------------------------------------------------------
--  DDL for Procedure MYPROC
--------------------------------------------------------
set define off;

  CREATE OR REPLACE PROCEDURE "ADOYLE"."MYPROC" ( var IN VARCHAR2 )
IS
   temp VARCHAR2(50);
BEGIN
   SELECT VSIZE(var) INTO temp FROM DUAL;
   DBMS_OUTPUT.PUT_LINE(temp);
END MyProc;

/
--------------------------------------------------------
--  DDL for Procedure NEW_MEAL_PLAN
--------------------------------------------------------
set define off;

  CREATE OR REPLACE PROCEDURE "ADOYLE"."NEW_MEAL_PLAN" (p_meal_plan_id IN NUMBER, p_meal_plan_name IN VARCHAR2 )
IS
BEGIN
	INSERT INTO meal_plan (meal_plan_id, meal_plan_name) VALUES (p_meal_plan_id, p_meal_plan_name);
	EXCEPTION
	WHEN value_error THEN DBMS_OUTPUT.PUT_LINE('TRY AGAIN! That is the wrong type of input!');
END;

/
--------------------------------------------------------
--  DDL for Procedure PLEASEHELP
--------------------------------------------------------
set define off;

  CREATE OR REPLACE PROCEDURE "ADOYLE"."PLEASEHELP" (firstname IN VARCHAR2, surname IN VARCHAR2, var IN VARCHAR2)
IS
    fullname VARCHAR2(50);
BEGIN
     fullname := firstname || ' ' || surname;
     DBMS_OUTPUT.PUT_LINE (TRIM(INITCAP (firstname))  || ' ' || TRIM(INITCAP (surname)));
     SELECT VSIZE(fullname) INTO fullname FROM dual;
     DBMS_OUTPUT.PUT_LINE(fullname);

END pleasehelp;

/
--------------------------------------------------------
--  DDL for Procedure Q7_SALARY_OVER_NINETY_K
--------------------------------------------------------
set define off;

  CREATE OR REPLACE PROCEDURE "ADOYLE"."Q7_SALARY_OVER_NINETY_K" 
IS
BEGIN
	UPDATE employee SET salary = '90000';
END q7_salary_over_ninety_k;

/
--------------------------------------------------------
--  DDL for Procedure QUESTION3_LAB_4
--------------------------------------------------------
set define off;

  CREATE OR REPLACE PROCEDURE "ADOYLE"."QUESTION3_LAB_4" (firstname IN VARCHAR2, surname IN VARCHAR2)
IS
    fullname VARCHAR2(50);
    byte_numbers NUMBER;
BEGIN
     fullname := firstname || ' ' || surname;
     DBMS_OUTPUT.PUT_LINE (TRIM(INITCAP (firstname))  || ' ' || TRIM(INITCAP (surname)));
     SELECT VSIZE(fullname) INTO byte_numbers FROM dual;
     DBMS_OUTPUT.PUT_LINE(byte_numbers);

END question3_lab_4;

/
--------------------------------------------------------
--  DDL for Procedure QUESTION4_LAB_4
--------------------------------------------------------
set define off;

  CREATE OR REPLACE PROCEDURE "ADOYLE"."QUESTION4_LAB_4" (vowels IN VARCHAR2)
IS
    vowelreplace VARCHAR2(50);
BEGIN
     SELECT TRANSLATE(vowels,'zaeiou', 'z') INTO vowelreplace FROM dual;
     DBMS_OUTPUT.PUT_LINE (vowelreplace);

END question4_lab_4;

/
--------------------------------------------------------
--  DDL for Procedure QUESTION_2_LAB_4
--------------------------------------------------------
set define off;

  CREATE OR REPLACE PROCEDURE "ADOYLE"."QUESTION_2_LAB_4" (firstname IN VARCHAR2, surname IN VARCHAR2)
IS
BEGIN
             DBMS_OUTPUT.PUT_LINE (LOWER (firstname)  || LOWER (surname));
             DBMS_OUTPUT.PUT_LINE (UPPER (firstname)  || UPPER (surname));
            DBMS_OUTPUT.PUT_LINE (INITCAP (firstname)  || INITCAP (surname));

END question_2_lab_4;

/
--------------------------------------------------------
--  DDL for Procedure QUESTION_3_LAB_4
--------------------------------------------------------
set define off;

  CREATE OR REPLACE PROCEDURE "ADOYLE"."QUESTION_3_LAB_4" (firstname IN NVARCHAR2, surname IN NVARCHAR2, whatsize IN VARCHAR2)
IS
  whatsize VARCHAR2;
 BEGIN
             DBMS_OUTPUT.PUT_LINE (TRIM(INITCAP (firstname))  || TRIM(INITCAP (surname)));
             SELECT VSIZE(var) INTO whatsize FROM DUAL;
             DBMS_OUTPUT.PUT_LINE(whatsize);


END question_3_lab_4;

/
--------------------------------------------------------
--  DDL for Procedure REDUCE_SALARIES
--------------------------------------------------------
set define off;

  CREATE OR REPLACE PROCEDURE "ADOYLE"."REDUCE_SALARIES" 
AS
CURSOR cursor_reduce_salaries
IS
SELECT a.athlete_name, b.salary
FROM athlete a, athlete b
WHERE a.athlete_id = b.athlete_id

BEGIN
	FOR implement_reduce_salaries IN cursor_reduce_salaries
	LOOP
		UPDATE athlete
		SET salary = salary * .90
		WHERE athlete_name = implement_reduce_salaries.athlete_name;
		DBMS_OUTPUT.PUT_LINE
		('A 10% reduction in salaries has been given to '||
		implement_reduce_salaries.athlete_name||' '||
		implement_reduce_salaries.salary
		);

	END LOOP;
END;

/
--------------------------------------------------------
--  DDL for Procedure REDUCE_SALARY
--------------------------------------------------------
set define off;

  CREATE OR REPLACE PROCEDURE "ADOYLE"."REDUCE_SALARY" 
(p_athlete_id IN NUMBER
)

AS
BEGIN
	UPDATE athlete
	SET salary = salary * .90
	WHERE athlete_id = p.athlete_id

END reduce_salary;

/
--------------------------------------------------------
--  DDL for Procedure REPLACINGVOWELS
--------------------------------------------------------
set define off;

  CREATE OR REPLACE PROCEDURE "ADOYLE"."REPLACINGVOWELS" (vowels IN VARCHAR2, var IN VARCHAR2)
IS
    vowelreplace VARCHAR2(50);
BEGIN
     vowelreplace := vowels;
     SELECT TRANSLATE(vowels,'aeiou', '     ') INTO vowelreplace FROM dual;
     DBMS_OUTPUT.PUT_LINE (vowelreplace);

END replacingvowels;

/
